{"type": "FeatureCollection", "name": "union-city-nj zoning digitization (EPSG:3424)", "features": [{"type": "Feature", "properties": {"code": "C-N", "id": "corridors:C-N", "method_note": "Union City publishes its zoning map only as a PDF (July 2019, Heyer Gruel &\nAssociates; ordinance 223-35). There is no municipal GIS layer to download,\nso this script constructs one from official, citable sources:", "ordinance_url": "https://ecode360.com/45711623", "source_map": "https://www.ucnj.com/_Content/pdf/misc/Zoning_Map_UC.pdf", "limitations": "P-A air rights, redevelopment districts (8th St, D-BG, D-RS-A/B/S, D-ST, D-Y) and HPOD/PPOD overlays are not digitized; corner lots addressed on side streets resolve to R.", "is_overlay": false, "corridors": [{"street": "BERGENLINE AVE", "range": [null, null]}, {"street": "BERGENLINE", "range": [null, null]}, {"street": "SUMMIT AVE", "range": [500, 1899]}, {"street": "NEW YORK AVE", "range": [3300, 4899]}, {"street": "BROADWAY", "range": [null, null]}, {"street": "48TH ST", "range": [null, null]}, {"street": "BERGEN TPKE", "range": [null, null]}, {"street": "HACKENSACK PLANK RD", "range": [null, null]}]}, "geometry": {"type": "MultiPolygon", "crs": {"type": "name", "properties": {"name": "EPSG:3424"}}, "coordinates": [[[[619073.84, 699895.74], [619087.54, 699924.66], [619177.72, 699881.44], [619124.19, 699768.48], [619070.08, 699794.41], [619080.79, 699817], [619064.55, 699824.78], [619093.68, 699886.24], [619073.84, 699895.74]]], [[[619001.28, 700326.39], [619316.9, 700175.13], [619231.25, 699994.4], [618915.63, 700145.66], [619001.28, 700326.39]]], [[[618384.26, 701199.64], [618372.62, 701177.51], [618430.09, 701147.67], [618360.33, 701014.91], [618280.66, 701056.24], [618362.06, 701211.16], [618384.26, 701199.64]]], [[[618114.57, 701084.11], [618196.77, 701240.57], [618285.54, 701194.52], [618204.8, 701040.86], [618114.57, 701084.11]]], [[[618208.4, 701262.7], [618220.03, 701284.83], [618308.8, 701238.79], [618297.17, 701216.66], [618208.4, 701262.7]]], [[[618537.42, 701345.5], [618530.75, 701332.63], [618461.55, 701368.52], [618457.72, 701386.85], [618537.42, 701345.5]]], [[[618376.73, 701485.18], [618393.84, 701398.62], [618371.43, 701356.88], [618339.83, 701350.17], [618306.34, 701394.2], [618359.88, 701493.92], [618376.73, 701485.18]]], [[[618557.36, 701560.46], [618511.32, 701471.7], [618503.38, 701475.81], [618550.69, 701563.93], [618557.36, 701560.46]]], [[[618497.42, 701591.55], [618450.11, 701503.44], [618429.84, 701513.96], [618403.19, 701640.43], [618497.42, 701591.55]]], [[[618620.73, 701695.58], [618642.19, 701735.53], [618725.86, 701691.85], [618704.6, 701651.18], [618620.73, 701695.58]]], [[[618657.71, 701764.42], [618682.38, 701810.32], [618761.07, 701770.74], [618745.8, 701742.1], [618748.66, 701740.56], [618749.5, 701737.07], [618740.49, 701719.82], [618657.71, 701764.42]]], [[[618788.95, 702008.67], [618892.71, 701954.94], [618858.65, 701888.12], [618880.85, 701876.62], [618858.15, 701832.07], [618835.95, 701843.57], [618813.95, 701800.42], [618706.18, 701854.62], [618788.95, 702008.67]]], [[[618612.34, 701901.95], [618523.65, 701946.46], [618547.46, 701993.16], [618677.46, 701926.91], [618653.54, 701882.35], [618612.65, 701902.53], [618612.34, 701901.95]]], [[[618689.29, 701948.93], [618558.81, 702015.43], [618570.15, 702037.7], [618614.7, 702015], [618636.9, 702058.55], [618724.24, 702014.03], [618689.29, 701948.93]]], [[[618648.25, 702080.82], [618659.89, 702103.66], [618747.89, 702058.09], [618736.06, 702036.06], [618648.25, 702080.82]]], [[[618960.29, 702088.84], [618859.94, 702140.8], [618919.1, 702250.91], [618999.02, 702209.51], [618951.69, 702121.42], [618971.82, 702110.99], [618960.29, 702088.84]]], [[[618866.14, 702278.35], [618807.02, 702168.22], [618716.64, 702215.03], [618773.41, 702326.39], [618866.14, 702278.35]]], [[[618988.53, 702273.78], [618944.03, 702296.58], [618953.49, 702314.2], [618997.99, 702291.4], [618988.53, 702273.78]]], [[[619038.65, 702472.82], [619105.59, 702438.54], [619094.24, 702416.27], [619120.94, 702402.59], [619086.88, 702335.77], [619062.54, 702348.23], [619034.15, 702295.35], [618962.95, 702331.82], [619038.65, 702472.82]]], [[[618836.48, 702434.49], [618871.97, 702500.58], [618960.76, 702454.58], [618889.8, 702322.41], [618823.2, 702356.91], [618858.68, 702422.99], [618836.48, 702434.49]]], [[[618883.79, 702522.61], [618895.62, 702544.65], [618984.41, 702498.65], [618972.58, 702476.61], [618883.79, 702522.61]]], [[[619202.63, 702562.96], [619177.68, 702513.96], [619085.95, 702560.93], [619111.97, 702609.39], [619202.63, 702562.96]]], [[[618977.25, 702671.28], [618955.05, 702682.78], [618977.79, 702727.3], [619079.02, 702674.86], [619008.07, 702542.7], [618931.85, 702582.19], [618977.25, 702671.28]]], [[[619126.32, 702762.97], [619102.67, 702718.91], [619016.59, 702763.51], [619040.88, 702807.23], [619126.32, 702762.97]]], [[[619135.52, 702929.73], [619113.66, 702941.1], [619192.13, 703097.52], [619281.1, 703051.27], [619167.26, 702839.22], [619105.49, 702869.84], [619135.52, 702929.73]]], [[[619345.11, 699884.38], [619270.16, 699726.25], [619234.09, 699743.53], [619223.38, 699720.94], [619169.28, 699746.87], [619254.93, 699927.6], [619345.11, 699884.38]]], [[[619119.66, 699992.43], [619209.84, 699949.21], [619199.13, 699926.62], [619108.95, 699969.84], [619119.66, 699992.43]]], [[[619387.93, 699974.75], [619297.75, 700017.97], [619319.17, 700063.15], [619409.35, 700019.93], [619387.93, 699974.75]]], [[[619493.87, 700256.65], [619451.04, 700166.29], [619383.41, 700198.7], [619426.23, 700289.07], [619493.87, 700256.65]]], [[[619263.03, 700262.97], [619280.17, 700299.11], [619352.45, 700264.83], [619335.31, 700228.69], [619263.03, 700262.97]]], [[[619290.96, 700353.89], [619358.6, 700321.48], [619401.42, 700411.85], [619423.97, 700401.04], [619359.73, 700265.49], [619269.55, 700308.71], [619290.96, 700353.89]]], [[[619140.35, 702662.25], [619229.85, 702616.41], [619216.24, 702589.69], [619126.16, 702635.82], [619140.35, 702662.25]]], [[[619286.49, 702727.63], [619257.08, 702669.87], [619168.73, 702715.12], [619198.43, 702770.44], [619286.49, 702727.63]]], [[[619276.76, 702916.34], [619355.5, 702876.63], [619321.91, 702809.57], [619241.28, 702850.25], [619276.76, 702916.34]]], [[[619288.59, 702938.36], [619312.24, 702982.42], [619401.52, 702937.39], [619377.87, 702893.33], [619288.59, 702938.36]]], [[[619359.55, 703070.54], [619455.4, 703248.77], [619530.09, 703211.02], [619501.81, 703154.45], [619524.23, 703143.14], [619461.59, 703019.07], [619359.55, 703070.54]]], [[[619217.59, 703140.64], [619312.43, 703319.41], [619400.48, 703273.63], [619304.75, 703095.32], [619217.59, 703140.64]]], [[[619528.96, 703512.93], [619455.71, 703376.49], [619366.18, 703421.63], [619435.72, 703560.12], [619528.96, 703512.93]]], [[[619624.68, 700471.12], [619534.53, 700514.39], [619545.31, 700536.95], [619635.62, 700493.6], [619624.68, 700471.12]]], [[[619522.44, 700603.35], [619456.27, 700635.06], [619466.63, 700657.82], [619533.13, 700625.95], [619522.44, 700603.35]]], [[[619552.21, 700783.14], [619562.91, 700805.73], [619608, 700784.12], [619554.52, 700671.14], [619464.35, 700714.36], [619507.13, 700804.75], [619552.21, 700783.14]], [[619585.87, 700765.83], [619530.69, 700792.33], [619524.27, 700778.77], [619579.37, 700752.3], [619585.87, 700765.83]]], [[[619726.82, 700685.53], [619636.67, 700728.81], [619652.76, 700762.68], [619742.92, 700719.41], [619726.82, 700685.53]]], [[[619640.08, 700851.92], [619618.69, 700806.72], [619573.6, 700828.33], [619594.99, 700873.53], [619640.08, 700851.92]]], [[[619776.38, 700952.92], [619839.49, 700922.63], [619818.03, 700877.47], [619790.98, 700890.45], [619780.25, 700867.87], [619717.14, 700898.16], [619773.15, 701016.03], [619800.2, 701003.05], [619776.38, 700952.92]]], [[[619693.51, 700964.92], [619661.32, 700897.18], [619602.65, 700925.3], [619613.35, 700947.81], [619614.36, 700947.32], [619625.07, 700970], [619592.6, 700985.56], [619603.33, 701008.14], [619693.51, 700964.92]]], [[[619614.06, 701030.72], [619624.79, 701053.3], [619714.97, 701010.08], [619704.24, 700987.5], [619614.06, 701030.72]]], [[[619648.86, 701278.68], [619681.05, 701346.42], [619837.04, 701266.97], [619790.08, 701168.15], [619699.9, 701211.36], [619715.71, 701244.63], [619648.86, 701278.68]]], [[[619760.82, 701339.46], [619774.37, 701367.98], [619863.48, 701322.6], [619849.92, 701294.07], [619760.82, 701339.46]]], [[[619785.1, 701390.56], [619838.75, 701503.46], [619927.86, 701458.08], [619874.21, 701345.18], [619785.1, 701390.56]]], [[[619488.56, 703310.43], [619583.3, 703486.6], [619673.38, 703441.15], [619617.04, 703329.54], [619594.74, 703340.8], [619560.94, 703273.86], [619488.56, 703310.43]]], [[[619606.51, 703530.89], [619705.75, 703716.45], [619742.33, 703697.16], [619695.07, 703603.74], [619741.92, 703580.04], [619694.95, 703486.13], [619606.51, 703530.89]]], [[[619512.72, 703694.72], [619572.79, 703664.44], [619596.16, 703709.44], [619625.57, 703693.76], [619566.62, 703583.53], [619481.91, 703626.29], [619512.72, 703694.72]]], [[[619901.8, 703889.87], [619860.71, 703804.22], [619772.7, 703850.65], [619813.8, 703936.3], [619901.8, 703889.87]]], [[[619605.88, 703937.38], [619641.65, 704003.3], [619663.77, 703991.65], [619711, 704078.7], [619793.46, 704036.99], [619718.56, 703878.08], [619605.88, 703937.38]]], [[[619789.71, 704235.49], [619823.19, 704302.61], [619902.33, 704262.1], [619859.57, 704171.66], [619814.89, 704082.19], [619731.69, 704124.76], [619788.88, 704235.92], [619789.71, 704235.49]]], [[[619841.93, 701087.84], [619813.71, 701101.38], [619863.14, 701205.61], [619952.72, 701160.92], [619936.56, 701126.6], [619875.39, 701157.89], [619841.93, 701087.84]]], [[[620028.96, 701321.39], [619982.75, 701224.15], [619893.27, 701268.8], [619939.62, 701366.34], [620028.96, 701321.39]]], [[[620050.42, 701366.55], [619961.08, 701411.5], [619971.81, 701434.08], [620061.15, 701389.12], [620050.42, 701366.55]]], [[[619993.28, 701479.25], [620014.74, 701524.41], [620104.06, 701479.46], [620082.6, 701434.3], [619993.28, 701479.25]]], [[[619892.41, 701616.38], [619946.06, 701729.28], [620035.17, 701683.9], [620024.44, 701661.32], [619957.61, 701695.36], [619946.88, 701672.78], [620013.71, 701638.74], [619949.32, 701503.26], [619882.49, 701537.3], [619914.69, 701605.04], [619892.41, 701616.38]]], [[[620213.19, 701592.43], [620170.27, 701502.11], [620147.93, 701513.34], [620190.85, 701603.67], [620213.19, 701592.43]]], [[[620121.52, 701865.03], [620089.21, 701797.35], [619999.97, 701842.66], [620032.21, 701910.38], [620121.52, 701865.03]]], [[[620342.2, 701977.4], [620298.58, 701885.99], [620209.47, 701931.26], [620252.9, 702022.75], [620342.2, 701977.4]]], [[[620042.95, 701932.95], [620053.7, 701955.53], [620143.07, 701910.15], [620132.3, 701887.59], [620042.95, 701932.95]]], [[[620208.61, 702047.42], [620176.3, 701979.76], [620109.2, 702013.24], [620141.52, 702080.92], [620208.61, 702047.42]]], [[[620256.92, 702031.16], [620321.42, 702166.58], [620423.14, 702117.76], [620376.71, 702029.12], [620349, 702042.42], [620338.33, 702020.11], [620337.25, 702020.64], [620326.34, 701997.84], [620256.92, 702031.16]]], [[[620122.94, 702099.93], [620198.29, 702257.76], [620288.23, 702214.03], [620212.92, 702056.3], [620122.94, 702099.93]]], [[[620230.65, 702325.53], [620326.84, 702527], [620415.73, 702481.09], [620320.63, 702281.91], [620230.65, 702325.53]]], [[[620520.75, 702294.42], [620430.57, 702337.64], [620414.85, 702304.51], [620392.5, 702315.72], [620429.46, 702393.61], [620542.18, 702339.59], [620520.75, 702294.42]]], [[[620444.47, 702425.24], [620460.38, 702458.77], [620549.17, 702412.77], [620530.31, 702373.01], [620444.47, 702425.24]]], [[[620597.82, 702657.53], [620556.46, 702580.4], [620612.04, 702546.21], [620570.19, 702458.19], [620481.4, 702504.19], [620563.24, 702676.04], [620597.82, 702657.53]]], [[[620381.99, 702645.08], [620470.94, 702599.39], [620436.3, 702527.28], [620347.35, 702572.97], [620381.99, 702645.08]]], [[[620653.82, 702804.2], [620616.18, 702725.19], [620594.06, 702736.9], [620647.8, 702849.86], [620736.04, 702802.81], [620724.94, 702780.45], [620714.1, 702786.22], [620708.91, 702774.83], [620653.82, 702804.2]]], [[[620758.29, 702847.61], [620670.04, 702894.65], [620681.17, 702917.04], [620769.54, 702870.27], [620758.29, 702847.61]]], [[[620394.9, 702844.92], [620484.34, 703023.96], [620640.47, 702940.4], [620549.37, 702762.24], [620394.9, 702844.92]]], [[[620725.56, 703007.79], [620752.18, 703061.31], [620834.99, 703014.06], [620810.41, 702962.26], [620725.56, 703007.79]]], [[[620568.45, 703035.11], [620600.73, 703102.91], [620692.62, 703053.84], [620659.2, 702986.66], [620568.45, 703035.11]]], [[[620708.68, 703086.13], [620621.61, 703135.83], [620631.27, 703155.22], [620720.93, 703110.75], [620708.68, 703086.13]]], [[[620832.97, 703335.98], [620777.3, 703224.06], [620687.46, 703267.98], [620743.13, 703379.9], [620832.97, 703335.98]]], [[[620866.38, 703403.13], [620844.11, 703358.36], [620754.27, 703402.28], [620776.54, 703447.05], [620866.38, 703403.13]]], [[[620193.11, 704031.98], [620142.94, 703932.95], [619882.97, 704062.22], [620156.19, 704627.37], [620473.67, 704469.51], [620509.79, 704540.76], [620664.73, 704448.19], [620559.72, 704241.53], [620542.86, 704250.34], [620541.49, 704247.65], [620341.91, 704346.88], [620223.08, 704101.09], [620225.85, 704099.71], [620193.11, 704031.98]]], [[[620799.09, 703155.61], [620888.53, 703110.97], [620866.27, 703066.2], [620776.82, 703110.85], [620799.09, 703155.61]]], [[[620956.39, 703247.3], [620945.21, 703224.82], [620855.47, 703268.94], [620866.6, 703291.32], [620956.39, 703247.3]]], [[[620877.74, 703313.71], [620911.14, 703380.86], [621000.88, 703336.73], [620967.48, 703269.58], [620877.74, 703313.71]]], [[[620944.55, 703448.01], [621022.49, 703604.69], [621112.23, 703560.57], [621045.42, 703426.27], [621014.39, 703441.53], [621003.26, 703419.14], [620944.55, 703448.01]]], [[[620798.81, 703491.81], [620821.08, 703536.58], [620910.81, 703492.46], [620888.54, 703447.69], [620798.81, 703491.81]]], [[[620887.89, 703670.88], [620977.62, 703626.76], [620921.95, 703514.84], [620832.21, 703558.96], [620887.89, 703670.88]]], [[[621190.18, 703717.25], [621134.5, 703605.33], [621044.76, 703649.46], [621100.44, 703761.38], [621190.18, 703717.25]]], [[[620954.7, 703805.18], [621044.43, 703761.06], [621033.3, 703738.67], [620943.56, 703782.8], [620954.7, 703805.18]]], [[[621212.45, 703762.02], [621122.71, 703806.14], [621133.84, 703828.53], [621223.58, 703784.4], [621212.45, 703762.02]]], [[[620965.83, 703827.56], [620999.24, 703894.71], [621088.97, 703850.59], [621055.57, 703783.44], [620965.83, 703827.56]]], [[[621268.06, 703873.79], [621245.76, 703828.98], [621155.99, 703873.06], [621178.17, 703918.16], [621268.06, 703873.79]]], [[[621111.24, 703895.36], [621039.45, 703930.66], [621048.94, 703949.95], [621120.73, 703914.65], [621111.24, 703895.36]]], [[[621244.34, 704050.9], [621271.92, 704107.35], [621326.15, 704081.57], [621316.61, 704061.47], [621352.83, 704044.25], [621342.48, 704022.68], [621360.47, 704011.62], [621330.9, 703954.09], [621313.22, 703964.51], [621290.34, 703918.55], [621200.24, 703963.03], [621226.49, 704015.59], [621306.55, 703968.43], [621324.12, 704002.83], [621244.34, 704050.9]]], [[[621064.55, 704138.1], [621193.41, 704063.34], [621146.54, 703967.15], [621074.75, 704002.45], [621113.36, 704080.97], [621053.67, 704115.6], [621064.55, 704138.1]]], [[[621121.24, 704154.36], [621125.78, 704162.92], [621134.32, 704158.31], [621161.02, 704214.82], [621246.01, 704174.65], [621204.09, 704085.95], [621144.48, 704120.93], [621142.55, 704116.79], [621112.37, 704132.35], [621123.21, 704153.25], [621121.24, 704154.36]]], [[[621335.2, 704242.32], [621425.54, 704199.45], [621404.24, 704154.21], [621313.9, 704197.08], [621335.2, 704242.32]]], [[[621178.38, 704261.38], [621263.58, 704442.32], [621353.92, 704399.46], [621268.72, 704218.51], [621178.38, 704261.38]]], [[[621489.44, 704335.16], [621436.19, 704222.07], [621345.85, 704264.94], [621399.1, 704378.03], [621489.44, 704335.16]]], [[[621517.12, 704399.51], [621426.77, 704442.37], [621439.89, 704469.36], [621530.23, 704426.49], [621517.12, 704399.51]]], [[[621514.2, 704622.26], [621604.54, 704579.39], [621549.9, 704466.96], [621459.56, 704509.83], [621514.2, 704622.26]]], [[[621469.02, 704643.69], [621381.6, 704463.81], [621291.25, 704506.67], [621378.67, 704686.55], [621469.02, 704643.69]]], [[[621625.85, 704624.58], [621535.5, 704667.45], [621546.33, 704690.26], [621636.71, 704647.47], [621625.85, 704624.58]]], [[[621399.98, 704731.75], [621475.01, 704889.81], [621565.36, 704846.94], [621490.33, 704688.88], [621399.98, 704731.75]]], [[[621683.9, 705095.09], [621629.89, 704982.34], [621539.54, 705025.2], [621593.54, 705137.94], [621683.9, 705095.09]]], [[[621711.61, 704805.26], [621658.01, 704692.34], [621567.66, 704735.2], [621621.27, 704848.13], [621711.61, 704805.26]]], [[[621729.06, 705073.64], [621819.41, 705030.78], [621785.75, 704960.5], [621808.33, 704949.79], [621798.79, 704929.87], [621776.21, 704940.59], [621733.01, 704850.4], [621642.66, 704893.27], [621729.06, 705073.64]]], [[[621850.73, 705098.88], [621829.57, 705108.94], [621818.85, 705086.33], [621749.68, 705119.16], [621792.51, 705209.52], [621882.86, 705166.65], [621850.73, 705098.88]]], [[[621614.16, 705183.46], [621702.35, 705369.49], [621787.39, 705315.44], [621704.5, 705140.59], [621614.16, 705183.46]]], [[[621893.57, 705189.24], [621803.22, 705232.11], [621813.93, 705254.7], [621904.28, 705211.83], [621893.57, 705189.24]]], [[[621914.99, 705234.42], [621824.64, 705277.29], [621835.35, 705299.88], [621925.7, 705257.01], [621914.99, 705234.42]]], [[[621951.72, 705300.01], [621861.05, 705343.03], [621873.63, 705364.63], [621964.3, 705321.61], [621951.72, 705300.01]]], [[[622022.96, 705422.3], [621985.21, 705357.49], [621898.8, 705407.83], [621936.56, 705472.63], [622022.96, 705422.3]]], [[[621913.03, 705532.23], [621859.88, 705441], [621823.13, 705462.43], [621880.52, 705552.96], [621913.03, 705532.23]]], [[[621859.88, 705613.57], [621899.82, 705676.49], [621971.39, 705630.85], [621933.73, 705566.47], [621859.88, 705613.57]]], [[[621974.63, 705537.35], [622207.39, 705935.68], [622436.35, 705802.03], [622237.34, 705384], [621974.63, 705537.35]]], [[[622034.78, 705739.24], [621984.28, 705652.89], [621913.47, 705698], [621944.42, 705746.75], [621968.26, 705731.68], [621972.01, 705737.59], [621967.78, 705740.27], [621986.61, 705769.95], [622034.78, 705739.24]]], [[[622072.99, 705804.15], [621999.18, 705848.17], [622031.51, 705898.82], [622103.2, 705856.06], [622072.99, 705804.15]]], [[[622318.95, 705928.55], [622232.54, 705978.89], [622247.64, 706004.81], [622334.05, 705954.48], [622318.95, 705928.55]]], [[[622143.64, 705925.54], [622046.77, 705979.88], [622068.69, 706018.03], [622164.99, 705962.23], [622143.64, 705925.54]]], [[[622339.66, 705983.97], [622261.89, 706029.27], [622312.23, 706115.68], [622390.02, 706070.42], [622339.66, 705983.97]]], [[[622104.93, 706054.82], [622155.24, 706141.25], [622164.22, 706136.04], [622209.8, 706214.35], [622286.04, 706170.22], [622190.14, 706005.44], [622104.93, 706054.82]]], [[[622458.69, 706278.48], [622419.91, 706301.14], [622441.39, 706337.9], [622480.19, 706315.24], [622458.69, 706278.48]]], [[[622360.8, 706501.93], [622356.46, 706509.5], [622441.87, 706557.77], [622454.55, 706536.22], [622362.68, 706484.75], [622353.92, 706490.13], [622360.8, 706501.93]]], [[[622601.07, 706559.49], [622542.58, 706518.5], [622529.33, 706538.59], [622584.34, 706631.65], [622636.45, 706553.73], [622615.66, 706538.98], [622601.07, 706559.49]]], [[[622477.97, 706702.41], [622522.44, 706618.82], [622501.12, 706582.91], [622442.72, 706682.14], [622477.97, 706702.41]]], [[[622694.78, 706720.14], [622663.12, 706767.79], [622689.82, 706813.71], [622733.47, 706786.67], [622694.78, 706720.14]]], [[[622515.01, 706831.14], [622541.1, 706807.07], [622553.9, 706828.54], [622623.22, 706788.5], [622597.69, 706745.51], [622530.73, 706784.19], [622505.37, 706815.94], [622515.01, 706831.14]]], [[[622635.98, 706809.99], [622566.7, 706850.01], [622579.51, 706871.49], [622648.75, 706831.49], [622635.98, 706809.99]]], [[[622826.56, 706894.85], [622762.16, 706934.74], [622774.91, 706956.24], [622839.26, 706916.38], [622826.56, 706894.85]]], [[[622813.18, 707020.75], [622877.36, 706980.99], [622864.44, 706959.09], [622800.13, 706998.75], [622813.18, 707020.75]]], [[[622675.46, 707034.62], [622743.7, 706992.86], [622731.27, 706971.94], [622662.32, 707012.51], [622675.46, 707034.62]]], [[[622956.99, 707067.24], [622932.87, 707082.19], [622895.26, 707018.16], [622834.22, 707055.94], [622884.88, 707142.16], [622970.03, 707089.45], [622956.99, 707067.24]]], [[[622700.49, 707094.27], [622720.6, 707128.61], [622796.73, 707082.14], [622776.69, 707048.4], [622700.49, 707094.27]]], [[[622978.09, 707389.01], [622900.19, 707436.85], [622926.38, 707478.56], [623003.69, 707430.4], [622978.09, 707389.01]]], [[[622831.82, 707421.97], [622870.66, 707483.83], [622891.87, 707470.61], [622853.17, 707408.97], [622831.82, 707421.97]]], [[[622955.07, 707650.9], [622980.49, 707634.85], [622938.89, 707570.92], [622913.43, 707586.78], [622955.07, 707650.9]]], [[[623247.83, 706633.87], [623225.72, 706647.56], [623259.03, 706704.54], [623264.13, 706701.38], [623281.29, 706730.73], [623298.3, 706720.2], [623247.83, 706633.87]]], [[[623077.8, 706739.19], [623099.06, 706726.03], [623048.59, 706639.7], [623027.33, 706652.86], [623077.8, 706739.19]]], [[[622989.07, 706676.57], [622915.96, 706721.86], [622930.08, 706746.04], [623003.18, 706700.76], [622989.07, 706676.57]]], [[[623250.37, 707034.37], [623292.72, 707007.79], [623242.25, 706921.46], [623221.07, 706934.75], [623170.6, 706848.42], [623149.43, 706861.71], [623250.37, 707034.37]]], [[[623068.19, 706911.11], [623169.47, 707083.56], [623211.99, 707057.25], [623110.7, 706884.79], [623068.19, 706911.11]]], [[[623271.07, 707069.78], [623304.38, 707126.76], [623367.93, 707086.92], [623334.62, 707029.95], [623271.07, 707069.78]]], [[[623197.77, 707231.85], [623282.87, 707179.16], [623232.38, 707092.84], [623189.86, 707119.16], [623215.07, 707162.34], [623172.56, 707188.66], [623197.77, 707231.85]]], [[[622991.29, 707076.29], [622970.03, 707089.45], [623020.68, 707175.68], [623041.93, 707162.52], [622991.29, 707076.29]]], [[[623398.12, 707125.46], [623375.23, 707139.14], [623415.84, 707208.6], [623438.73, 707194.91], [623398.12, 707125.46]]], [[[623314.74, 707353.58], [623324.33, 707370.07], [623376.19, 707339.82], [623366.13, 707322.64], [623314.74, 707353.58]]], [[[623492.71, 707449.74], [623517.61, 707434.88], [623467.09, 707348.61], [623442.25, 707363.57], [623492.71, 707449.74]]], [[[623122.75, 707384.38], [623109.1, 707361.99], [623040.28, 707404.59], [623053.34, 707426.01], [623122.75, 707384.38]]], [[[623511.81, 707483.83], [623562.92, 707569.78], [623605.92, 707544.26], [623554.8, 707458.31], [623511.81, 707483.83]]], [[[623002.15, 707621.16], [623042.58, 707688.77], [623123.22, 707639.47], [623080.28, 707566.56], [623003.08, 707614.66], [623005.8, 707618.86], [623002.15, 707621.16]]], [[[623216.38, 707659.81], [623195.84, 707672.02], [623210.45, 707697.07], [623230.97, 707684.87], [623216.38, 707659.81]]], [[[623705.87, 707763.95], [623655.14, 707677.72], [623633.68, 707690.54], [623684.38, 707776.73], [623705.87, 707763.95]]], [[[623330.87, 707707.81], [623246.09, 707758.18], [623258.41, 707779.31], [623343.5, 707729.03], [623330.87, 707707.81]]], [[[623134.71, 707797.67], [623096.85, 707734.36], [623075.34, 707747.1], [623113.12, 707810.27], [623134.71, 707797.67]]], [[[623377.32, 707796.35], [623357.47, 707762.68], [623276.8, 707810.66], [623296.63, 707844.46], [623377.32, 707796.35]]], [[[623446.32, 707953.84], [623482.36, 708015.08], [623697.06, 707887.02], [623595, 707713.54], [623390.51, 707835.17], [623420.73, 707886.78], [623346.71, 707930.79], [623382.65, 707991.88], [623446.32, 707953.84]]], [[[623840.06, 707994.02], [623882.92, 707968.27], [623820.19, 707860.12], [623755.91, 707898.76], [623856.27, 708071.8], [623877.7, 708058.93], [623840.06, 707994.02]]], [[[623232.96, 707958.36], [623290.94, 707924.02], [623279.87, 707904.91], [623221.63, 707939.39], [623232.96, 707958.36]]], [[[623217.87, 708038.81], [623321.93, 707977.51], [623305.15, 707948.55], [623201.68, 708011.51], [623217.87, 708038.81]]], [[[623342.4, 708012.85], [623263.68, 708059.53], [623301.83, 708124.42], [623380.14, 708077.98], [623342.4, 708012.85]]], [[[623817.69, 708094.98], [623767.52, 708008.46], [623746.09, 708021.35], [623796.27, 708107.86], [623817.69, 708094.98]]], [[[623999.03, 708265.99], [623948.86, 708179.48], [623970.28, 708166.6], [623920.11, 708080.08], [623877.25, 708105.84], [623977.6, 708278.88], [623999.03, 708265.99]]], [[[623321.37, 708158.66], [623372.72, 708247.1], [623450.85, 708200.05], [623400.19, 708112.59], [623321.37, 708158.66]]], [[[623917.02, 708315.29], [623866.85, 708228.78], [623845.42, 708241.66], [623895.6, 708328.18], [623917.02, 708315.29]]], [[[623623.83, 708258.2], [623559.55, 708296.84], [623571.95, 708318.24], [623636.38, 708279.84], [623623.83, 708258.2]]], [[[623558.82, 708386], [623521.2, 708321.1], [623414.12, 708385.58], [623464.27, 708472.11], [623485.69, 708459.21], [623473.15, 708437.58], [623558.82, 708386]]], [[[623625.63, 708410.8], [623690.13, 708372.53], [623674, 708344.71], [623609.72, 708383.36], [623625.63, 708410.8]]], [[[623959.47, 708336.45], [623938.04, 708349.33], [623988.44, 708435.71], [624009.87, 708422.82], [623959.47, 708336.45]]], [[[623641.69, 708438.48], [623659.9, 708469.88], [623724.18, 708431.23], [623706.19, 708400.21], [623641.69, 708438.48]]], [[[623498.22, 708480.84], [623583.89, 708429.26], [623571.85, 708408.49], [623486.19, 708460.08], [623498.22, 708480.84]]], [[[623702.36, 708491.02], [623680.14, 708504.38], [623730.81, 708590.58], [623752.75, 708577.39], [623702.36, 708491.02]]], [[[623742.91, 708701.21], [623667.89, 708571.3], [623583.08, 708622.37], [623658.1, 708752.28], [623742.91, 708701.21]]], [[[623915.94, 708755.11], [623849.69, 708794.94], [623878.24, 708844.2], [623943.42, 708807.11], [623925.8, 708776.7], [623927.77, 708775.52], [623915.94, 708755.11]]], [[[623920, 709005.73], [623876.55, 708931.2], [623793.96, 708980.94], [623808.89, 709005.74], [623813.35, 709003.08], [623842.89, 709052.15], [623920, 709005.73]]], [[[623965.76, 708994.89], [623989.53, 708980.7], [623976.98, 708959.5], [623953.25, 708973.67], [623965.76, 708994.89]]], [[[623934.5, 709164.81], [623974.43, 709227.21], [624030.72, 709191.48], [623984.03, 709114.54], [623925.06, 709150.04], [623932.97, 709165.78], [623934.5, 709164.81]]], [[[623829.58, 709207.53], [623785.07, 709133.65], [623761.08, 709148.09], [623805.59, 709221.97], [623829.58, 709207.53]]], [[[624134.14, 708348.11], [624108.94, 708304.92], [624023.24, 708356.45], [624048.44, 708399.63], [624134.14, 708348.11]]], [[[624180.67, 708623.47], [624244.95, 708584.83], [624194.78, 708498.32], [624130.5, 708536.97], [624180.67, 708623.47]]], [[[624367.17, 708891.45], [624388.21, 708877.95], [624374.21, 708854.15], [624332.04, 708881.18], [624382.81, 708967.29], [624403.86, 708953.81], [624367.17, 708891.45]]], [[[624209.17, 708959.12], [624293.09, 708904.97], [624263.02, 708853.51], [624176.89, 708904.59], [624209.17, 708959.12]]], [[[624006.6, 709064.18], [624099.61, 709010.08], [624087.75, 708989.85], [624127.11, 708967.75], [624112.65, 708943.29], [623981.5, 709021.59], [624006.6, 709064.18]]], [[[624055.67, 709147.4], [624139.64, 709093.19], [624126.9, 709071.68], [624042.97, 709125.87], [624055.67, 709147.4]]], [[[624306.13, 709253.67], [624338.36, 709232.81], [624255.88, 709101.64], [624224.21, 709122.11], [624306.13, 709253.67]]], [[[624134.02, 709283.06], [624204.3, 709403.97], [624272.87, 709361.33], [624249.61, 709324.01], [624262.19, 709316.57], [624239.12, 709278.8], [624226.99, 709286.1], [624199.31, 709240.26], [624176.67, 709255.1], [624132.46, 709181.34], [624089.81, 709209.3], [624134.02, 709283.06]]], [[[624019.51, 709372.5], [624119.08, 709545.96], [624205.86, 709496.27], [624081.45, 709279.53], [624016.37, 709316.79], [624041.17, 709360.1], [624019.51, 709372.5]]], [[[624651.73, 709396.85], [624700.04, 709478.76], [624739.58, 709455.14], [624691.02, 709372.88], [624651.73, 709396.85]]], [[[624384.45, 709512.61], [624331.56, 709424.93], [624246.59, 709477.75], [624297.39, 709563.81], [624384.45, 709512.61]]], [[[624132.02, 709568.51], [624157.35, 709612.63], [624243.49, 709561.84], [624218.3, 709517.95], [624132.02, 709568.51]]], [[[624255.94, 709583.52], [624173.84, 709631.93], [624203.05, 709681.51], [624283.35, 709631.27], [624255.94, 709583.52]]], [[[624448.24, 709626.71], [624361.3, 709676.11], [624373.8, 709697.75], [624460.74, 709648.35], [624448.24, 709626.71]]], [[[624215.74, 709703.05], [624228.43, 709724.59], [624308.24, 709674.64], [624295.79, 709652.95], [624215.74, 709703.05]]], [[[624241.12, 709746.13], [624266.02, 709788.38], [624345.58, 709739.68], [624320.69, 709696.32], [624241.12, 709746.13]]], [[[624735.3, 709863.97], [624838.07, 709802.02], [624787.74, 709718.51], [624684.97, 709780.46], [624735.3, 709863.97]]], [[[624348.81, 709930.72], [624426.17, 709883.21], [624412.92, 709861.33], [624335.43, 709908.92], [624348.81, 709930.72]]], [[[624790.89, 710014.32], [624855.13, 709975.61], [624804.93, 709892.03], [624740.69, 709930.75], [624790.89, 710014.32]]], [[[624292.95, 709934.98], [624145.65, 710025.46], [624197.2, 710113.79], [624346.4, 710022.33], [624292.95, 709934.98]]], [[[624627.27, 710084.5], [624651.56, 710126.77], [624739.27, 710073.9], [624714.17, 710032.12], [624627.27, 710084.5]]], [[[624413.75, 710039.49], [624221.92, 710157.08], [624272.9, 710245.79], [624313.77, 710220.74], [624364.73, 710309.51], [624366.53, 710308.41], [624315.53, 710219.66], [624540.76, 710081.59], [624515.52, 710037.07], [624439.23, 710083.84], [624413.75, 710039.49]]], [[[624039.13, 710090.87], [624077.68, 710156.94], [624084.42, 710152.82], [624097.31, 710174.9], [624175.88, 710126.84], [624124.34, 710038.54], [624039.13, 710090.87]]], [[[624820.26, 710208.45], [624807.92, 710187.99], [624718.04, 710242.16], [624730.15, 710262.76], [624820.26, 710208.45]]], [[[625407.85, 709344.74], [625129.51, 709512.52], [625179.9, 709595.99], [625458.24, 709428.21], [625407.85, 709344.74]], [[625359.44, 709451], [625354.1, 709442.15], [625361.19, 709437.88], [625366.53, 709446.72], [625359.44, 709451]]], [[[625102.82, 709642.45], [625145.64, 709616.64], [625095.26, 709533.18], [625052.44, 709558.99], [625102.82, 709642.45]]], [[[625379.11, 709659.81], [625432.6, 709627.56], [625382.19, 709544.11], [625328.71, 709576.35], [625379.11, 709659.81]]], [[[624829.77, 709693.21], [624880.17, 709776.67], [625030.04, 709686.32], [624979.65, 709602.87], [624829.77, 709693.21]]], [[[625279.72, 709647.07], [625289.69, 709663.82], [625294.87, 709660.74], [625284.9, 709643.98], [625279.72, 709647.07]]], [[[625320.78, 709645.32], [625315.6, 709648.4], [625325.57, 709665.16], [625330.75, 709662.07], [625320.78, 709645.32]]], [[[625264.17, 709656.32], [625274.15, 709673.08], [625279.33, 709669.99], [625269.35, 709653.24], [625264.17, 709656.32]]], [[[625210.95, 709647.33], [625261.36, 709730.79], [625282.77, 709717.88], [625232.36, 709634.43], [625210.95, 709647.33]]], [[[625176.69, 709667.98], [625155.28, 709680.89], [625190.18, 709738.67], [625211.59, 709725.76], [625176.69, 709667.98]]], [[[625039.64, 709750.58], [624847.75, 709866.22], [624897.95, 709949.8], [625090.03, 709834.04], [625039.64, 709750.58]]], [[[624755.13, 710305.22], [624846.87, 710252.6], [624832.52, 710228.79], [624742.2, 710283.23], [624755.13, 710305.22]]], [[[625455.98, 708453.81], [625376.17, 708502.1], [625389.12, 708523.49], [625474.68, 708471.71], [625455.98, 708453.81]]], [[[625565.52, 708621.83], [625513.75, 708536.27], [625428.19, 708588.05], [625479.96, 708673.6], [625565.52, 708621.83]]], [[[625518.8, 708737.77], [625656.52, 708965.34], [625742.07, 708913.56], [625604.36, 708685.99], [625518.8, 708737.77]]], [[[625754.51, 708787.19], [625767.44, 708808.59], [625828.59, 708771.65], [625808.32, 708754.69], [625754.51, 708787.19]]], [[[625681.5, 709006.62], [625767.06, 708954.84], [625754.11, 708933.46], [625668.56, 708985.23], [625681.5, 709006.62]]], [[[625758.62, 709132.25], [625544.61, 709261.5], [625565.32, 709295.72], [625528.6, 709317.9], [625523.86, 709310.05], [625496.37, 709326.65], [625530.89, 709383.69], [625890.41, 709166.56], [625789.46, 708999.72], [625737.84, 709030.9], [625750.79, 709052.29], [625721.08, 709070.22], [625758.62, 709132.25]]], [[[626022.99, 709086.49], [626128.75, 709022.62], [626108.72, 709005.82], [626047.1, 709043.03], [626035.3, 709023.51], [625998.41, 709045.79], [626022.99, 709086.49]]], [[[625475.43, 709601.76], [625539.66, 709563.03], [625489.25, 709479.57], [625425.02, 709518.29], [625475.43, 709601.76]]]]}}, {"type": "Feature", "properties": {"code": "MU", "id": "corridors:MU", "method_note": "Union City publishes its zoning map only as a PDF (July 2019, Heyer Gruel &\nAssociates; ordinance 223-35). There is no municipal GIS layer to download,\nso this script constructs one from official, citable sources:", "ordinance_url": "https://ecode360.com/45711623", "source_map": "https://www.ucnj.com/_Content/pdf/misc/Zoning_Map_UC.pdf", "limitations": "P-A air rights, redevelopment districts (8th St, D-BG, D-RS-A/B/S, D-ST, D-Y) and HPOD/PPOD overlays are not digitized; corner lots addressed on side streets resolve to R.", "is_overlay": false, "corridors": [{"street": "KERRIGAN AVE", "range": [2000, 2499]}]}, "geometry": {"type": "MultiPolygon", "crs": {"type": "name", "properties": {"name": "EPSG:3424"}}, "coordinates": [[[[619581.02, 704734.26], [619621.39, 704812.76], [619710.7, 704767.77], [619670.18, 704688.97], [619581.02, 704734.26]]], [[[619785.24, 704783.53], [619837.98, 704886.04], [619926.83, 704840.15], [619896.96, 704782.1], [619878.22, 704791.78], [619855.34, 704747.32], [619785.24, 704783.53]]], [[[619912.6, 704870], [619847.13, 704903.82], [619858.39, 704925.71], [619923.34, 704892.22], [619912.6, 704870]]], [[[619526.74, 704972.77], [619756.43, 704856.7], [619745, 704834.47], [619515.07, 704950.62], [619526.74, 704972.77]]], [[[619918.34, 705051.63], [619950.48, 705113.84], [620033.99, 705064.13], [620014.05, 705030.53], [620020.12, 705026.93], [619980.66, 704946.36], [619890.92, 704990.31], [619901.82, 705012.82], [619918.34, 705051.63]]], [[[619781.06, 705048.36], [619803.36, 705037.07], [619759.28, 704947.31], [619736.97, 704958.6], [619781.06, 705048.36]]], [[[620141.29, 705338.92], [620162.65, 705325.92], [620136.67, 705283.21], [620093.96, 705309.19], [620041.98, 705223.76], [620016.54, 705239.24], [620133.98, 705460.42], [620193.26, 705424.33], [620141.29, 705338.92]]], [[[620009.58, 705353.63], [619933.35, 705400.11], [619973.41, 705440.88], [620035.67, 705402.92], [620009.58, 705353.63]]], [[[620154.87, 705494.53], [620248.26, 705667.3], [620307.6, 705630.17], [620277.1, 705573.59], [620302.84, 705558.19], [620290.44, 705535.34], [620276.7, 705543.75], [620219.71, 705455.08], [620154.87, 705494.53]]], [[[620067.41, 705574.4], [620113.84, 705549.94], [620101.33, 705527.1], [620054.82, 705555.4], [620067.41, 705574.4]]], [[[620144.85, 705606.58], [620103.06, 705628.19], [620112.41, 705644.11], [620083.25, 705662.08], [620086.44, 705667.64], [620157.21, 705629.17], [620144.85, 705606.58]]]]}}, {"type": "Feature", "properties": {"code": "P", "id": "prop_class:15A,15B,15C", "method_note": "Union City publishes its zoning map only as a PDF (July 2019, Heyer Gruel &\nAssociates; ordinance 223-35). There is no municipal GIS layer to download,\nso this script constructs one from official, citable sources:", "ordinance_url": "https://ecode360.com/45711623", "source_map": "https://www.ucnj.com/_Content/pdf/misc/Zoning_Map_UC.pdf", "limitations": "P-A air rights, redevelopment districts (8th St, D-BG, D-RS-A/B/S, D-ST, D-Y) and HPOD/PPOD overlays are not digitized; corner lots addressed on side streets resolve to R.", "is_overlay": false, "prop_classes": ["15A", "15B", "15C"]}, "geometry": {"type": "MultiPolygon", "crs": {"type": "name", "properties": {"name": "EPSG:3424"}}, "coordinates": [[[[619922.71, 699339.95], [620148.06, 699231.68], [619942.14, 698925.94], [619863.95, 698945.34], [619811.93, 698889.46], [619727.99, 698929.24], [619922.71, 699339.95]]], [[[618936.37, 699337.37], [618918.72, 699359.68], [618903.14, 699383.47], [618889.75, 699408.56], [618878.66, 699434.75], [618869.97, 699461.83], [618782.1, 699866.69], [618787.15, 699874.56], [619486.03, 699539.62], [619295.13, 699136.82], [619024.59, 699266.46], [619000.23, 699281.14], [618977.29, 699297.95], [618955.94, 699316.74], [618936.37, 699337.37]]], [[[619231.25, 699994.4], [618915.63, 700145.66], [619001.28, 700326.39], [619316.9, 700175.13], [619231.25, 699994.4]]], [[[619648.89, 700293.25], [619762.14, 700238.97], [619719.31, 700148.61], [619606.07, 700202.88], [619648.89, 700293.25]]], [[[620435.72, 700348.65], [620393.67, 700331.62], [620408.05, 700361.82], [620435.72, 700348.65]]], [[[620463.25, 700375.42], [620439.94, 700386.51], [620553.41, 700434.54], [620531.86, 700389.28], [620463.25, 700375.42]]], [[[619270.67, 700474.51], [619333.79, 700444.26], [619290.96, 700353.89], [619227.84, 700384.15], [619270.67, 700474.51]]], [[[618793.99, 700481.23], [618891.21, 700684.14], [619073.96, 700596.51], [618977.6, 700393.18], [618793.99, 700481.23]]], [[[619222.13, 700553.22], [619131.95, 700596.44], [619174.73, 700686.83], [619264.91, 700643.61], [619222.13, 700553.22]]], [[[618902.01, 700706.69], [618993.44, 700884.56], [619170.32, 700799.83], [619084.67, 700619.1], [618902.01, 700706.69]]], [[[619631.1, 700832.93], [619586.01, 700854.54], [619594.99, 700873.53], [619640.08, 700851.92], [619631.1, 700832.93]]], [[[619181.03, 700822.42], [619090.42, 700865.87], [619197.24, 701091.9], [619288.09, 701048.33], [619181.03, 700822.42]]], [[[618122.16, 701206.05], [618175.65, 701307.86], [618308.8, 701238.79], [618297.17, 701216.66], [618208.4, 701262.7], [618196.77, 701240.57], [618173.52, 701196.31], [618262.29, 701150.26], [618250.66, 701128.13], [618161.89, 701174.18], [618166.54, 701183.03], [618122.16, 701206.05]]], [[[618447.23, 701673.92], [618424.2, 701629.53], [618497.42, 701591.55], [618450.11, 701503.44], [618429.84, 701513.96], [618398.3, 701663.61], [618447.23, 701673.92]]], [[[619701.72, 701797.65], [619712.45, 701820.23], [619801.67, 701774.78], [619790.94, 701752.2], [619701.72, 701797.65]]], [[[618507.21, 701954.58], [618483.38, 701908.64], [618400.82, 701951.46], [618416.43, 701999.38], [618507.21, 701954.58]]], [[[620483.28, 702625.07], [620461.9, 702638.13], [620496.98, 702711.15], [620519.01, 702699.44], [620483.28, 702625.07]]], [[[619609.55, 702979.23], [619708.83, 702929.19], [619695.16, 702901.27], [619595.52, 702951.53], [619609.55, 702979.23]]], [[[619553.44, 703795.48], [619577.85, 703782.64], [619528.14, 703686.95], [619504.92, 703698.65], [619553.44, 703795.48]]], [[[619062.74, 704264.2], [619243.43, 704168.72], [619305.68, 704135.33], [619302.79, 704130.07], [619063.78, 704256.87], [619060.93, 704251.59], [619057.06, 704253.68], [619062.74, 704264.2]]], [[[620341.91, 704346.88], [620223.08, 704101.09], [620225.85, 704099.71], [620193.11, 704031.98], [620142.94, 703932.95], [619882.97, 704062.22], [620202.94, 704724.08], [620664.73, 704448.19], [620559.72, 704241.53], [620542.86, 704250.34], [620541.49, 704247.65], [620341.91, 704346.88]]], [[[620195.6, 705305.81], [620162.65, 705325.92], [620136.67, 705283.21], [620093.96, 705309.19], [620041.98, 705223.76], [620016.54, 705239.24], [620133.98, 705460.42], [620320.24, 705347.03], [620262.74, 705252.52], [620188.1, 705298.05], [620195.6, 705305.81]]], [[[619973.41, 705440.88], [619933.35, 705400.11], [619950.43, 705389.7], [619901.32, 705309.16], [619825.5, 705355.38], [619946.49, 705457.29], [619957.76, 705450.42], [620009.63, 705535.91], [620030.98, 705522.9], [619979.11, 705437.41], [619973.41, 705440.88]]], [[[620082.55, 705491.46], [620035.67, 705402.92], [620000.45, 705424.39], [620052.33, 705509.88], [620082.55, 705491.46]]], [[[619799.5, 705546.91], [619914.97, 705476.51], [619793.99, 705374.6], [619678.88, 705444.77], [619799.5, 705546.91]]], [[[620466.19, 705995.71], [620490.23, 706017.46], [620513, 706040.53], [620537.6, 706068.68], [620560.31, 706098.36], [620840.17, 705919.47], [620585.81, 705515.07], [620127.51, 705801.84], [620358.95, 705923.23], [620387.26, 705939.05], [620414.62, 705956.44], [620440.96, 705975.35], [620466.19, 705995.71]]], [[[620756.33, 700239.87], [620759.55, 700242.6], [620767.11, 700246.27], [620775.46, 700247.22], [620837.15, 700233.5], [620744.77, 700034.31], [620674.84, 699794.38], [620565.53, 699861.8], [620634.13, 699986.94], [620751.5, 700233], [620756.33, 700239.87]]], [[[620803.49, 700304.21], [620797.2, 700309.91], [620793.18, 700317.39], [620791.9, 700325.79], [620793.5, 700334.13], [620890.13, 700591.71], [621116.72, 701178.56], [621224.59, 701127.4], [621190.29, 701070.42], [621036.8, 700745.25], [621038, 700666.55], [620862.97, 700289.16], [620811.33, 700300.94], [620803.49, 700304.21]]], [[[620697.3, 700969.58], [620828.96, 700906.85], [620850.58, 700940.86], [620714.49, 701005.7], [620725.23, 701028.27], [620864.1, 700962.11], [620891.13, 701004.62], [620977.11, 701185.19], [621013.22, 701167.99], [621034.71, 701213.13], [621072.07, 701306.1], [621066.94, 701258.15], [621062.45, 701236.2], [621056.21, 701214.68], [620857.46, 700687.56], [620810.32, 700556.77], [620563.08, 700454.87], [620619.76, 700573.99], [620727.13, 700744.9], [620751.02, 700733.52], [620809.95, 700843.91], [620794.07, 700851.47], [620820.85, 700894.1], [620690.85, 700956.03], [620697.3, 700969.58]]], [[[620576.72, 700901.54], [620486.56, 700944.81], [620529.49, 701035.13], [620619.64, 700991.86], [620576.72, 700901.54]]], [[[620730.26, 701803.96], [620773.34, 701894.2], [620786.86, 701887.71], [620829.92, 701977.97], [620861.48, 701962.82], [620775.35, 701782.31], [620730.26, 701803.96]]], [[[621821.06, 702123.17], [621796.46, 702082.87], [621727.55, 702217.7], [621745.03, 702225.86], [621775.86, 702238.58], [621821.06, 702123.17]]], [[[622085.3, 702451.74], [622134.87, 702441.46], [622153.35, 702453.11], [622160.89, 702347.74], [622207.38, 702355.99], [622208, 702348.01], [622259.74, 702359.82], [622262.39, 702335.01], [622411.05, 702319.26], [622451.89, 702187.16], [622186.26, 702193.16], [622188.07, 702228.13], [622052.68, 702231.18], [622051.89, 702196.19], [622008.66, 702197.17], [621999.28, 702319.05], [622090.09, 702335.17], [622085.3, 702451.74]]], [[[621144.98, 702443.67], [621189.17, 702536.23], [621317.63, 702457.16], [621277.5, 702372.63], [621144.98, 702443.67]]], [[[621056.74, 702490.98], [621131.85, 702648.24], [621043.24, 702695.74], [621053.96, 702718.32], [621164.79, 702659.25], [621078.8, 702479.15], [621056.74, 702490.98]]], [[[620714.1, 702786.22], [620769.33, 702756.78], [620726.77, 702666.66], [620660.42, 702701.78], [620697.86, 702780.72], [620708.91, 702774.83], [620714.1, 702786.22]]], [[[621113.43, 702842.23], [621241.24, 702761.84], [621208.82, 702693.47], [621075.92, 702763.27], [621113.43, 702842.23]]], [[[622020.88, 702874.32], [622070.87, 702960.93], [622197.78, 702889], [622097.78, 702715.79], [622025.28, 702756.88], [622075.27, 702843.49], [622020.88, 702874.32]]], [[[621368.62, 703381.95], [621538.94, 703274.42], [621483.94, 703158.76], [621303.77, 703245.58], [621368.62, 703381.95]]], [[[621194.66, 703327.44], [621260.25, 703294.91], [621249.14, 703272.52], [621183.53, 703305.06], [621194.66, 703327.44]]], [[[620620.08, 703300.92], [620462.85, 703377.78], [620485.12, 703422.54], [620574.97, 703378.62], [620597.24, 703423.39], [620664.62, 703390.45], [620620.08, 703300.92]]], [[[620594.6, 703793.26], [620560.65, 703725.26], [620494.39, 703758.21], [620528.29, 703826.36], [620594.6, 703793.26]]], [[[622213.69, 704344.47], [621898.26, 704496.13], [621983.89, 704676.87], [622299.33, 704525.21], [622213.69, 704344.47]]], [[[620810.31, 705098.46], [620810.89, 705099.4], [620896.51, 705047.72], [620895.64, 705046.32], [620810.31, 705098.46]]], [[[621035.95, 705175.96], [621240.29, 705049.05], [621204.95, 704979.54], [620992.34, 705106.42], [621035.95, 705175.96]]], [[[621503.98, 705180.42], [621570.95, 705148.66], [621527.76, 705058.47], [621460.91, 705090.19], [621503.98, 705180.42]]], [[[621265.6, 705825.56], [621349.86, 705771.7], [621336.53, 705750.55], [621252.27, 705804.41], [621265.6, 705825.56]]], [[[621787.76, 706125.91], [621676.8, 706192.82], [621701.07, 706231.04], [621809.77, 706168.06], [621787.76, 706125.91]]], [[[621486.23, 706227.13], [621445.26, 706161.84], [621173.03, 706335.78], [621276.11, 706501.48], [621519.76, 706346.97], [621456.22, 706245.72], [621486.23, 706227.13]]], [[[621892.1, 708814.3], [622006.17, 708743.3], [621991.7, 708720.06], [621889.61, 708782.87], [621892.1, 708814.3]]], [[[622072.66, 708849.89], [622059.44, 708828.67], [621893.85, 708930.55], [621894.25, 708959.67], [622072.66, 708849.89]]], [[[622928.71, 702611.4], [622864.82, 702506.43], [622815.01, 702555.71], [622878.75, 702651.03], [622928.71, 702611.4]]], [[[623709.74, 705374.13], [623796.69, 705324.73], [623790.71, 705314.27], [623704.13, 705364.4], [623709.74, 705374.13]]], [[[622207.39, 705935.68], [622436.35, 705802.03], [622237.34, 705384], [621974.63, 705537.35], [622207.39, 705935.68]]], [[[623601.21, 705838.62], [623622.65, 705825.78], [623573.76, 705738.55], [623552.31, 705751.39], [623601.21, 705838.62]]], [[[622918.71, 705827.29], [622865.16, 705714.46], [622639.85, 705822.79], [622694.79, 705938.46], [622918.71, 705827.29]]], [[[623121.18, 706004.57], [623181.27, 705913.45], [623094.22, 705956.45], [623121.18, 706004.57]]], [[[622930.96, 706156.64], [622910.41, 706142.56], [622897.45, 706162.21], [622887.12, 706155.18], [622859.51, 706197.05], [622869.95, 706203.93], [622814.26, 706288.4], [622827.9, 706311.73], [622930.96, 706156.64]]], [[[622956.16, 706531.13], [623067.14, 706462.38], [622974.95, 706298.13], [622892.97, 706423.04], [622956.16, 706531.13]]], [[[623196.88, 706499.61], [623218.13, 706486.44], [623169.16, 706399.19], [623147.9, 706412.35], [623196.88, 706499.61]]], [[[623595.22, 706536.39], [623493.98, 706363.89], [623366.4, 706442.78], [623467.63, 706615.27], [623595.22, 706536.39]]], [[[623183.77, 706673.55], [623133.34, 706587.2], [623112.34, 706600.2], [623162.81, 706686.53], [623183.77, 706673.55]]], [[[622919.39, 707003.22], [622970.03, 707089.45], [622991.29, 707076.29], [622940.65, 706990.06], [622919.39, 707003.22]]], [[[623899.85, 706964.38], [623729.76, 707069.56], [623833.14, 707245.85], [623983.29, 707155.95], [623932.8, 707069.92], [623954.25, 707057.08], [623899.85, 706964.38]]], [[[623650.2, 707234.69], [623697.97, 707205.93], [623647.41, 707119.65], [623599.67, 707148.4], [623650.2, 707234.69]]], [[[623685.9, 707334.42], [623633.66, 707244.65], [623590.83, 707270.44], [623642.97, 707360.05], [623685.9, 707334.42]]], [[[622351.46, 707388.61], [622381.37, 707370.42], [622330.7, 707284.21], [622300.8, 707302.4], [622351.46, 707388.61]]], [[[622670.13, 707240.73], [622542.17, 707319], [622642.7, 707491.92], [622770.66, 707413.65], [622670.13, 707240.73]]], [[[622616.02, 707642.74], [622600.17, 707652.66], [622639.95, 707716.24], [622871.34, 707571.77], [622830.99, 707508.54], [622828.22, 707510.27], [622789.11, 707447.98], [622577.5, 707577.25], [622616.02, 707642.74]]], [[[622981.01, 707634.51], [622955.07, 707650.9], [622913.43, 707586.78], [622837.04, 707634.37], [622879.04, 707698.92], [622917.94, 707674.35], [622970.46, 707763.02], [623034.35, 707723.97], [622981.01, 707634.51]]], [[[623431.11, 707927.98], [623482.36, 708015.08], [623697.06, 707887.02], [623595, 707713.54], [623390.51, 707835.17], [623441.73, 707921.63], [623431.11, 707927.98]]], [[[623178, 707918.74], [623075.34, 707747.1], [622941.53, 707826.33], [622993.45, 707911.81], [622997.6, 707909.35], [623048.94, 707995.17], [623178, 707918.74]]], [[[622065.5, 708381.2], [622170.05, 708551.69], [622255.3, 708499.42], [622150.75, 708328.92], [622065.5, 708381.2]]], [[[623328.45, 708437.17], [623307.03, 708450.06], [623357.19, 708536.59], [623378.6, 708523.7], [623328.45, 708437.17]]], [[[623846, 708638], [623867.43, 708625.12], [623817.03, 708538.75], [623795.6, 708551.63], [623846, 708638]]], [[[623692.29, 708860.08], [623713.71, 708847.18], [623688.71, 708803.88], [623667.29, 708816.78], [623692.29, 708860.08]]], [[[624264.21, 708855.53], [624263.02, 708853.51], [624230.65, 708872.71], [624180.38, 708786.39], [624083.16, 708844.43], [624134.12, 708930.48], [624176.89, 708904.59], [624178.33, 708907.03], [624264.21, 708855.53]]], [[[624112.65, 708943.29], [624073.98, 708966.38], [624087.75, 708989.85], [624127.11, 708967.75], [624112.65, 708943.29]]], [[[623209.39, 709092.52], [623224.08, 709112.81], [623315.73, 709057.71], [623303.21, 709036.02], [623209.39, 709092.52]]], [[[624637.06, 706955.1], [624556.21, 707003.71], [624594.89, 707068.05], [624663.72, 707026.71], [624637.06, 706955.1]]], [[[624361.63, 706975.5], [624105.76, 707128.97], [624206.81, 707301.13], [624463.99, 707146.67], [624361.63, 706975.5]]], [[[624534.54, 707267.29], [624484.09, 707180.92], [624462.65, 707193.77], [624513.1, 707280.13], [624534.54, 707267.29]]], [[[624899.57, 707887.67], [624912.89, 707910.31], [624928.26, 707887.14], [624921, 707874.79], [624963.86, 707849.04], [624949.66, 707824.88], [624930.5, 707841.56], [624912.29, 707860.1], [624894.82, 707883.5], [624888.43, 707894.37], [624899.57, 707887.67]]], [[[624352.51, 708520.16], [624402.68, 708606.67], [624532.52, 708528.61], [624507.44, 708485.36], [624421.73, 708536.88], [624396.65, 708493.63], [624352.51, 708520.16]]], [[[624194.78, 708498.32], [624130.5, 708536.97], [624180.67, 708623.47], [624244.95, 708584.83], [624194.78, 708498.32]]], [[[624474.72, 708726.71], [624410.33, 708765.42], [624439.36, 708812.38], [624523.69, 708758.31], [624574.42, 708844.52], [624594.71, 708831.52], [624504.86, 708679.42], [624590.56, 708627.9], [624552.42, 708563.32], [624423.86, 708640.61], [624474.72, 708726.71]]], [[[625002.06, 709007.9], [625053.33, 709093.75], [625224.67, 708990.6], [625122.13, 708818.89], [624957.64, 708917.92], [625008.91, 709003.77], [625002.06, 709007.9]]], [[[624101.42, 709028.66], [624152.38, 709114.7], [624218.1, 709072.28], [624167.14, 708986.22], [624101.42, 709028.66]]], [[[625065.98, 709261.22], [625108.81, 709235.43], [625057.54, 709149.58], [625014.71, 709175.37], [625065.98, 709261.22]]], [[[624980.31, 709312.8], [624958.85, 709325.72], [625012.02, 709410.43], [625031.58, 709398.66], [624980.31, 709312.8]]], [[[624868.9, 709379.15], [624828.9, 709403.83], [624878.75, 709490.16], [624928.67, 709461], [624882.81, 709371.91], [624869.37, 709379.95], [624868.9, 709379.15]]], [[[624335.43, 709908.92], [624322.77, 709887.19], [624344.95, 709873.62], [624332.34, 709851.98], [624322.3, 709858.13], [624312.98, 709842.12], [624323.04, 709836.02], [624307.23, 709808.88], [624242.46, 709848.66], [624292.95, 709934.98], [624335.43, 709908.92]]], [[[624193.04, 710354.84], [624166.97, 710310.73], [624211.17, 710283.64], [624264.33, 710371.07], [624281.27, 710360.67], [624230.27, 710271.93], [624272.9, 710245.79], [624221.92, 710157.08], [624057.01, 710258.17], [624156.91, 710376.95], [624193.04, 710354.84]]], [[[624315.53, 710219.66], [624313.77, 710220.74], [624364.73, 710309.51], [624366.53, 710308.41], [624315.53, 710219.66]]]]}}, {"type": "Feature", "properties": {"code": "R", "id": "njdca_boundary_minus_districts", "method_note": "Union City publishes its zoning map only as a PDF (July 2019, Heyer Gruel &\nAssociates; ordinance 223-35). There is no municipal GIS layer to download,\nso this script constructs one from official, citable sources:", "ordinance_url": "https://ecode360.com/45711623", "source_map": "https://www.ucnj.com/_Content/pdf/misc/Zoning_Map_UC.pdf", "limitations": "P-A air rights, redevelopment districts (8th St, D-BG, D-RS-A/B/S, D-ST, D-Y) and HPOD/PPOD overlays are not digitized; corner lots addressed on side streets resolve to R.", "is_overlay": false, "boundary_source": "https://services.arcgis.com/Aur8tCo478N3VovT/arcgis/rest/services/Municipal_Zoning/FeatureServer/0/query"}, "geometry": {"type": "MultiPolygon", "crs": {"type": "name", "properties": {"name": "EPSG:3424"}}, "coordinates": [[[[624634.9, 710175.29], [624671.14, 710238.39], [624720.82, 710324.9], [624722.31, 710324.05], [624792.38, 710283.85], [624755.13, 710305.22], [624742.2, 710283.23], [624832.52, 710228.79], [624846.87, 710252.6], [626346.36, 709392.42], [626327.65, 709361.71], [626459.39, 709284.1], [626418.34, 709227.37], [626394.25, 709200.92], [626378.25, 709183.37], [626334.68, 709140.89], [626192.77, 709022.97], [626180, 709012.36], [625991.56, 708852.19], [625896.79, 708771.63], [625800.18, 708689.58], [625701.82, 708606.06], [625568.07, 708528.2], [625461.09, 708400.19], [625429.5, 708354.44], [625415.3, 708334.92], [625403.36, 708318.5], [625357.61, 708238.98], [625282.08, 708108.35], [625224.72, 708009.15], [625155.73, 707895.05], [625111.43, 707821.79], [625054.79, 707723.76], [625020.3, 707664.81], [624903.3, 707464.8], [624901.21, 707461.25], [624853.28, 707374.11], [624826.05, 707322.92], [624796.64, 707255.38], [624795.26, 707251.5], [624766.14, 707170.41], [624713.63, 707023.57], [624701.87, 706990.69], [624627.18, 706791.2], [624589.34, 706672.64], [624560.34, 706593.18], [624538.89, 706546.51], [624519.31, 706498.29], [624496.21, 706450.97], [624470.82, 706403.64], [624426.78, 706330], [624400.4, 706285.9], [624334.61, 706168.16], [624305.68, 706118.68], [624203.01, 705943.06], [624185.27, 705912.87], [624094.5, 705758.37], [624081.81, 705728.36], [624075.12, 705701.59], [624030.93, 705651.14], [623984.24, 705582.81], [623934.11, 705497.9], [623923.04, 705479.16], [623913.66, 705463.27], [623909.65, 705456.48], [623888.45, 705420.56], [623869.25, 705388.05], [623852.29, 705359.31], [623837.93, 705335], [623802.03, 705274.21], [623721.93, 705132.2], [623676.77, 705052.13], [623623.24, 704955.33], [623608.78, 704934.07], [623602.1, 704926.75], [623595.46, 704921.48], [623590.79, 704918.91], [623584.01, 704916.06], [623573.91, 704914.25], [623560.76, 704912.59], [623542.71, 704944.43], [623466.34, 705059.95], [623336.13, 705256.75], [623294.64, 705319.42], [623154.29, 705531.41], [623056.12, 705679.7], [622979.49, 705814.66], [622973.16, 705806.97], [622941.65, 705768.76], [622919.23, 705733.18], [622884.74, 705662.7], [622857.3, 705606.65], [622826.8, 705542.55], [622772.37, 705428.17], [622675.42, 705224.44], [622665.51, 705203.47], [622562.54, 704985.65], [622469.82, 704789.51], [622453.93, 704756.15], [622346.67, 704531], [622283.98, 704399.4], [622239.13, 704304.86], [622126.37, 704067.2], [622026.98, 703857.71], [622016.65, 703836.09], [621861.61, 703511.44], [621827.53, 703439.34], [621901.82, 703396.38], [622128.63, 703257.97], [622540.38, 703004.4], [622796.96, 702844.12], [623000.2, 702725.81], [622865.13, 702494.96], [622638.77, 702182.95], [622451, 702190.04], [622411.05, 702319.26], [622262.39, 702335.01], [622259.74, 702359.82], [622208, 702348.01], [622207.38, 702355.99], [622160.89, 702347.74], [622153.35, 702453.11], [622134.87, 702441.46], [622085.3, 702451.74], [622090.09, 702335.17], [621999.28, 702319.05], [622007.92, 702206.76], [621904.1, 702210.68], [621814.03, 702111.65], [621821.06, 702123.17], [621775.86, 702238.58], [621745.03, 702225.86], [621727.55, 702217.7], [621793.36, 702088.93], [621589.27, 701864.54], [621523.3, 701753.28], [621688.2, 701658.56], [621661.14, 701648.17], [621552.4, 701479.49], [621527.12, 701437.71], [621484.39, 701367.07], [621473.83, 701349.6], [621312.11, 701081.89], [621309.1, 701076.9], [621283.75, 701031.36], [621280.76, 701024.96], [621155.7, 700756.76], [621144.5, 700732.73], [621142.9, 700729.3], [621138.51, 700654.1], [621137.03, 700628.8], [621111.6, 700583.29], [621001.39, 700386.08], [620958.95, 700284.59], [620919.77, 700190.93], [620848.94, 700021.58], [620703.25, 699671.79], [620559.02, 699405.05], [620551.08, 699377.18], [620516.95, 699257.32], [620422.77, 699008.62], [620409.31, 698973.06], [620398.69, 698950.28], [620328.19, 698830.79], [620295.67, 698775.69], [620195.39, 698560.26], [620194.57, 698560.88], [620188.74, 698565.29], [620147.68, 698596.35], [620143.83, 698599.27], [619929.99, 698761.06], [619905.8, 698779.37], [619903.94, 698786.52], [619897.05, 698812.98], [619895.72, 698818.11], [619695.06, 698910.72], [619679.1, 698918.37], [619438.25, 699033.71], [619329.02, 699086.02], [619304.3, 699098.13], [619192.22, 699153.02], [619004.89, 699244.79], [618967.39, 699270.14], [618935.41, 699298.8], [618904.55, 699330.78], [618884.7, 699361.66], [618862.64, 699404.65], [618847.22, 699449.87], [618833.99, 699507.19], [618785.48, 699725.49], [618746.88, 699900.79], [618744.8, 699910.26], [618677.22, 700216.8], [618656.48, 700310.93], [618618.58, 700489.18], [618606.84, 700544.42], [618556.15, 700782.81], [618542.79, 700848.22], [618286.96, 700969.13], [618219.51, 701001.87], [618024.75, 701096.4], [617939.91, 701135.66], [618074.11, 701391.66], [618177.33, 701588.58], [618190.13, 701613.81], [618268.49, 701768.26], [618301.03, 701833.37], [618301.37, 701834.12], [618320.56, 701876.34], [618345.3, 701947.96], [618371.35, 702019.56], [618390.87, 702067.75], [618411.72, 702109.42], [618436.45, 702156.29], [618471.6, 702212.29], [618480.25, 702226.7], [618518.1, 702289.77], [618561.45, 702362.02], [618608.12, 702441.61], [618685.14, 702572.96], [618734.66, 702655.88], [618774.18, 702722.03], [618857.02, 702860.72], [618899.47, 702936.87], [618901.29, 702940.14], [618929.94, 702989.62], [618946.86, 703029.99], [618959.88, 703072.98], [618967.7, 703109.41], [618970.3, 703140.67], [618971.92, 703161.74], [618972.9, 703174.51], [618974.21, 703233.11], [618970.3, 703282.59], [618966.68, 703316.84], [618943.56, 703535.62], [618933.83, 703627.64], [618915.57, 703815.46], [618910.41, 703868.53], [618893.48, 704041.7], [618885.68, 704121.13], [618882.24, 704167.15], [618879.15, 704208.37], [618880.46, 704246.13], [618886.97, 704285.19], [618898.68, 704328.17], [618915.61, 704367.23], [618940.35, 704418], [619023.69, 704606.8], [619071.04, 704713.18], [619108.32, 704796.92], [619142.18, 704869.83], [619169.47, 704925.08], [619195.56, 704977.91], [619232.02, 705050.82], [619261.97, 705113.32], [619280.21, 705148.48], [619299.73, 705177.12], [619330.98, 705209.68], [619358.32, 705235.72], [619395.01, 705266.22], [619458.58, 705319.05], [619586.2, 705427.13], [619611.02, 705448.2], [619724.21, 705544.31], [619841.38, 705645.88], [619854.75, 705657.23], [619936.45, 705726.6], [619988.53, 705772.17], [620025, 705803.43], [620046.36, 705816.58], [620058.84, 705824.26], [620114.84, 705851.61], [620199.47, 705894.58], [620315.34, 705957.07], [620383.07, 705996.13], [620431.24, 706030], [620466.39, 706061.24], [620498.96, 706097.7], [620530.97, 706146.94], [620549.73, 706175.81], [620573.17, 706222.7], [620605.72, 706306.04], [620628.96, 706365.07], [620740.62, 706683.84], [620788.23, 706784.14], [620927.53, 707001.14], [621000.49, 707097.06], [621064.66, 707181.41], [621278.23, 707462.16], [621326.44, 707515.8], [621383.09, 707560.45], [621446.51, 707594.79], [621514.85, 707617.83], [621586.12, 707628.89], [621651.92, 707630.38], [621717.56, 707625.82], [621787.04, 707612.57], [621729.26, 707698.17], [621697.02, 707756.49], [621675.58, 707819.59], [621671.94, 707848.66], [621665.28, 707876.52], [621656.97, 707956.07], [621637.97, 708100.94], [621636.3, 708117.84], [621628.47, 708197.13], [621630.84, 708238.69], [621643.91, 708313.5], [621650.02, 708345.26], [621655.78, 708375.25], [621664.1, 708404.92], [621684.28, 708441.75], [621713.97, 708484.49], [621749.59, 708528.43], [621760.62, 708542.9], [621787.59, 708578.3], [621811.34, 708613.93], [621827.96, 708648.37], [621842.21, 708689.93], [621854.66, 708743.02], [621860.03, 708765.92], [621864.78, 708812.24], [621865.94, 709020.55], [621865.96, 709024.79], [621866.19, 709036.73], [622750.36, 708525.36], [622763.27, 708543.01], [622841.39, 708656.3], [622937.77, 708786.49], [623038.01, 708923.23], [623264.57, 709234.42], [623334.88, 709332.06], [623468.99, 709520.87], [623564.05, 709652.38], [623634.36, 709750.04], [623815.35, 710003.95], [623899.98, 710123.74], [623937.75, 710178.43], [623965.09, 710213.58], [624001.55, 710255.24], [624061.45, 710326.86], [624112.23, 710386.76], [624155.2, 710441.44], [624169.29, 710459.76], [624420.25, 710303.64], [624428.68, 710298.6], [624634.9, 710175.29]], [[618787.15, 699874.56], [618782.1, 699866.69], [618869.97, 699461.83], [618878.66, 699434.75], [618889.75, 699408.56], [618903.14, 699383.47], [618918.72, 699359.68], [618936.37, 699337.37], [618955.94, 699316.74], [618977.29, 699297.95], [619000.23, 699281.14], [619024.59, 699266.46], [619295.13, 699136.82], [619486.03, 699539.62], [618787.15, 699874.56]], [[619270.16, 699726.25], [619345.11, 699884.38], [619254.93, 699927.6], [619169.28, 699746.87], [619223.38, 699720.94], [619234.09, 699743.53], [619270.16, 699726.25]], [[619093.68, 699886.24], [619064.55, 699824.78], [619080.79, 699817], [619070.08, 699794.41], [619124.19, 699768.48], [619177.72, 699881.44], [619087.54, 699924.66], [619073.84, 699895.74], [619093.68, 699886.24]], [[619119.66, 699992.43], [619108.95, 699969.84], [619199.13, 699926.62], [619209.84, 699949.21], [619119.66, 699992.43]], [[619387.93, 699974.75], [619409.35, 700019.93], [619319.17, 700063.15], [619297.75, 700017.97], [619387.93, 699974.75]], [[619316.9, 700175.13], [619001.28, 700326.39], [618915.63, 700145.66], [619231.25, 699994.4], [619316.9, 700175.13]], [[619426.23, 700289.07], [619383.41, 700198.7], [619451.04, 700166.29], [619493.87, 700256.65], [619426.23, 700289.07]], [[619263.03, 700262.97], [619335.31, 700228.69], [619352.45, 700264.83], [619280.17, 700299.11], [619263.03, 700262.97]], [[619269.55, 700308.71], [619359.73, 700265.49], [619423.97, 700401.04], [619401.42, 700411.85], [619358.6, 700321.48], [619290.96, 700353.89], [619269.55, 700308.71]], [[619333.79, 700444.26], [619270.67, 700474.51], [619227.84, 700384.15], [619290.96, 700353.89], [619333.79, 700444.26]], [[619635.62, 700493.6], [619545.31, 700536.95], [619534.53, 700514.39], [619624.68, 700471.12], [619635.62, 700493.6]], [[618977.6, 700393.18], [619073.96, 700596.51], [618891.21, 700684.14], [618793.99, 700481.23], [618977.6, 700393.18]], [[619222.13, 700553.22], [619264.91, 700643.61], [619174.73, 700686.83], [619131.95, 700596.44], [619222.13, 700553.22]], [[619522.44, 700603.35], [619533.13, 700625.95], [619466.63, 700657.82], [619456.27, 700635.06], [619522.44, 700603.35]], [[619562.91, 700805.73], [619552.21, 700783.14], [619507.13, 700804.75], [619464.35, 700714.36], [619554.52, 700671.14], [619608, 700784.12], [619562.91, 700805.73]], [[619084.67, 700619.1], [619170.32, 700799.83], [618993.44, 700884.56], [618902.01, 700706.69], [619084.67, 700619.1]], [[619288.09, 701048.33], [619197.24, 701091.9], [619090.42, 700865.87], [619181.03, 700822.42], [619288.09, 701048.33]], [[618430.09, 701147.67], [618372.62, 701177.51], [618384.26, 701199.64], [618362.06, 701211.16], [618280.66, 701056.24], [618360.33, 701014.91], [618430.09, 701147.67]], [[618262.29, 701150.26], [618262.29, 701150.26], [618285.54, 701194.52], [618196.77, 701240.57], [618208.4, 701262.7], [618297.17, 701216.66], [618308.8, 701238.79], [618175.65, 701307.86], [618122.16, 701206.05], [618166.54, 701183.03], [618166.39, 701182.75], [618161.89, 701174.18], [618161.89, 701174.18], [618114.57, 701084.11], [618204.8, 701040.86], [618250.66, 701128.13], [618250.66, 701128.13], [618262.29, 701150.26]], [[618457.72, 701386.85], [618461.55, 701368.52], [618530.75, 701332.63], [618537.42, 701345.5], [618457.72, 701386.85]], [[618371.43, 701356.88], [618393.84, 701398.62], [618376.73, 701485.18], [618359.88, 701493.92], [618306.34, 701394.2], [618339.83, 701350.17], [618371.43, 701356.88]], [[618557.36, 701560.46], [618550.69, 701563.93], [618503.38, 701475.81], [618511.32, 701471.7], [618557.36, 701560.46]], [[618450.11, 701503.44], [618497.42, 701591.55], [618424.2, 701629.53], [618447.23, 701673.92], [618398.3, 701663.61], [618429.84, 701513.96], [618450.11, 701503.44]], [[618704.6, 701651.18], [618725.86, 701691.85], [618642.19, 701735.53], [618620.73, 701695.58], [618704.6, 701651.18]], [[618682.38, 701810.32], [618657.71, 701764.42], [618740.49, 701719.82], [618749.5, 701737.07], [618748.66, 701740.56], [618745.8, 701742.1], [618761.07, 701770.74], [618682.38, 701810.32]], [[618788.95, 702008.67], [618706.18, 701854.62], [618813.95, 701800.42], [618835.95, 701843.57], [618858.15, 701832.07], [618880.85, 701876.62], [618858.65, 701888.12], [618892.71, 701954.94], [618788.95, 702008.67]], [[618523.65, 701946.46], [618612.34, 701901.95], [618612.65, 701902.53], [618653.54, 701882.35], [618677.46, 701926.91], [618547.46, 701993.16], [618523.65, 701946.46]], [[618416.43, 701999.38], [618400.82, 701951.46], [618483.38, 701908.64], [618507.21, 701954.58], [618416.43, 701999.38]], [[618558.81, 702015.43], [618689.29, 701948.93], [618724.24, 702014.03], [618636.9, 702058.55], [618614.7, 702015], [618570.15, 702037.7], [618558.81, 702015.43]], [[618648.25, 702080.82], [618736.06, 702036.06], [618747.89, 702058.09], [618659.89, 702103.66], [618648.25, 702080.82]], [[618919.1, 702250.91], [618859.94, 702140.8], [618960.29, 702088.84], [618971.82, 702110.99], [618951.69, 702121.42], [618999.02, 702209.51], [618919.1, 702250.91]], [[618773.41, 702326.39], [618716.64, 702215.03], [618807.02, 702168.22], [618866.14, 702278.35], [618773.41, 702326.39]], [[618997.99, 702291.4], [618953.49, 702314.2], [618944.03, 702296.58], [618988.53, 702273.78], [618997.99, 702291.4]], [[618962.95, 702331.82], [619034.15, 702295.35], [619062.54, 702348.23], [619086.88, 702335.77], [619120.94, 702402.59], [619094.24, 702416.27], [619105.59, 702438.54], [619038.65, 702472.82], [618962.95, 702331.82]], [[618960.76, 702454.58], [618871.97, 702500.58], [618836.48, 702434.49], [618858.68, 702422.99], [618823.2, 702356.91], [618889.8, 702322.41], [618960.76, 702454.58]], [[618883.79, 702522.61], [618972.58, 702476.61], [618984.41, 702498.65], [618895.62, 702544.65], [618883.79, 702522.61]], [[619111.97, 702609.39], [619085.95, 702560.93], [619177.68, 702513.96], [619202.63, 702562.96], [619111.97, 702609.39]], [[619126.16, 702635.82], [619216.24, 702589.69], [619229.85, 702616.41], [619140.35, 702662.25], [619126.16, 702635.82]], [[618955.05, 702682.78], [618977.25, 702671.28], [618931.85, 702582.19], [619008.07, 702542.7], [619079.02, 702674.86], [618977.79, 702727.3], [618955.05, 702682.78]], [[619286.49, 702727.63], [619198.43, 702770.44], [619168.73, 702715.12], [619257.08, 702669.87], [619286.49, 702727.63]], [[619126.32, 702762.97], [619040.88, 702807.23], [619016.59, 702763.51], [619102.67, 702718.91], [619126.32, 702762.97]], [[619241.28, 702850.25], [619321.91, 702809.57], [619355.5, 702876.63], [619276.76, 702916.34], [619241.28, 702850.25]], [[619377.87, 702893.33], [619401.52, 702937.39], [619312.24, 702982.42], [619288.59, 702938.36], [619377.87, 702893.33]], [[619113.66, 702941.1], [619135.52, 702929.73], [619105.49, 702869.84], [619167.26, 702839.22], [619281.1, 703051.27], [619192.13, 703097.52], [619113.66, 702941.1]], [[619530.09, 703211.02], [619455.4, 703248.77], [619359.55, 703070.54], [619461.59, 703019.07], [619524.23, 703143.14], [619501.81, 703154.45], [619530.09, 703211.02]], [[619217.59, 703140.64], [619304.75, 703095.32], [619400.48, 703273.63], [619312.43, 703319.41], [619217.59, 703140.64]], [[619583.3, 703486.6], [619488.56, 703310.43], [619560.94, 703273.86], [619594.74, 703340.8], [619617.04, 703329.54], [619673.38, 703441.15], [619583.3, 703486.6]], [[619435.72, 703560.12], [619366.18, 703421.63], [619455.71, 703376.49], [619528.96, 703512.93], [619435.72, 703560.12]], [[619504.92, 703698.65], [619512.72, 703694.72], [619481.91, 703626.29], [619566.62, 703583.53], [619625.57, 703693.76], [619596.16, 703709.44], [619572.79, 703664.44], [619513.87, 703694.14], [619528.14, 703686.95], [619577.85, 703782.64], [619553.44, 703795.48], [619504.92, 703698.65]], [[619243.43, 704168.72], [619062.74, 704264.2], [619057.06, 704253.68], [619060.93, 704251.59], [619063.78, 704256.87], [619302.79, 704130.07], [619305.68, 704135.33], [619243.43, 704168.72]], [[620148.06, 699231.68], [619922.71, 699339.95], [619727.99, 698929.24], [619811.93, 698889.46], [619863.95, 698945.34], [619942.14, 698925.94], [620148.06, 699231.68]], [[619606.07, 700202.88], [619719.31, 700148.61], [619762.14, 700238.97], [619648.89, 700293.25], [619606.07, 700202.88]], [[620393.67, 700331.62], [620435.72, 700348.65], [620408.05, 700361.82], [620393.67, 700331.62]], [[620463.25, 700375.42], [620531.86, 700389.28], [620553.41, 700434.54], [620439.94, 700386.51], [620463.25, 700375.42]], [[619726.82, 700685.53], [619742.92, 700719.41], [619652.76, 700762.68], [619636.67, 700728.81], [619726.82, 700685.53]], [[619618.69, 700806.72], [619631.09, 700832.93], [619631.1, 700832.93], [619640.08, 700851.92], [619594.99, 700873.53], [619573.6, 700828.33], [619618.69, 700806.72]], [[619800.2, 701003.05], [619773.15, 701016.03], [619717.14, 700898.16], [619780.25, 700867.87], [619790.98, 700890.45], [619818.03, 700877.47], [619839.49, 700922.63], [619776.38, 700952.92], [619800.2, 701003.05]], [[619693.51, 700964.92], [619603.33, 701008.14], [619592.6, 700985.56], [619625.07, 700970], [619614.36, 700947.32], [619613.35, 700947.81], [619602.65, 700925.3], [619661.32, 700897.18], [619693.51, 700964.92]], [[619614.06, 701030.72], [619704.24, 700987.5], [619714.97, 701010.08], [619624.79, 701053.3], [619614.06, 701030.72]], [[619813.71, 701101.38], [619841.93, 701087.84], [619875.39, 701157.89], [619936.56, 701126.6], [619952.72, 701160.92], [619863.14, 701205.61], [619813.71, 701101.38]], [[619681.05, 701346.42], [619648.86, 701278.68], [619715.71, 701244.63], [619699.9, 701211.36], [619790.08, 701168.15], [619837.04, 701266.97], [619681.05, 701346.42]], [[619939.62, 701366.34], [619893.27, 701268.8], [619982.75, 701224.15], [620028.96, 701321.39], [619939.62, 701366.34]], [[619760.82, 701339.46], [619849.92, 701294.07], [619863.48, 701322.6], [619774.37, 701367.98], [619760.82, 701339.46]], [[620050.42, 701366.55], [620061.15, 701389.12], [619971.81, 701434.08], [619961.08, 701411.5], [620050.42, 701366.55]], [[619874.21, 701345.18], [619927.86, 701458.08], [619838.75, 701503.46], [619785.1, 701390.56], [619874.21, 701345.18]], [[620082.6, 701434.3], [620104.06, 701479.46], [620014.74, 701524.41], [619993.28, 701479.25], [620082.6, 701434.3]], [[620190.85, 701603.67], [620147.93, 701513.34], [620170.27, 701502.11], [620213.19, 701592.43], [620190.85, 701603.67]], [[619882.49, 701537.3], [619949.32, 701503.26], [620013.71, 701638.74], [619946.88, 701672.78], [619957.61, 701695.36], [620024.44, 701661.32], [620035.17, 701683.9], [619946.06, 701729.28], [619892.41, 701616.38], [619914.69, 701605.04], [619882.49, 701537.3]], [[619701.72, 701797.65], [619790.94, 701752.2], [619801.67, 701774.78], [619712.45, 701820.23], [619701.72, 701797.65]], [[620032.21, 701910.38], [619999.97, 701842.66], [620089.21, 701797.35], [620121.52, 701865.03], [620032.21, 701910.38]], [[620042.95, 701932.95], [620132.3, 701887.59], [620143.07, 701910.15], [620053.7, 701955.53], [620042.95, 701932.95]], [[620342.2, 701977.4], [620252.9, 702022.75], [620209.47, 701931.26], [620298.58, 701885.99], [620342.2, 701977.4]], [[620141.52, 702080.92], [620109.2, 702013.24], [620176.3, 701979.76], [620208.61, 702047.42], [620141.52, 702080.92]], [[620256.92, 702031.16], [620326.34, 701997.84], [620337.25, 702020.64], [620338.33, 702020.11], [620349, 702042.42], [620376.71, 702029.12], [620423.14, 702117.76], [620321.42, 702166.58], [620256.92, 702031.16]], [[620122.94, 702099.93], [620212.92, 702056.3], [620288.23, 702214.03], [620198.29, 702257.76], [620122.94, 702099.93]], [[620430.57, 702337.64], [620520.75, 702294.42], [620542.18, 702339.59], [620429.46, 702393.61], [620392.5, 702315.72], [620414.85, 702304.51], [620430.57, 702337.64]], [[620320.63, 702281.91], [620415.73, 702481.09], [620326.84, 702527], [620230.65, 702325.53], [620320.63, 702281.91]], [[620530.31, 702373.01], [620549.17, 702412.77], [620460.38, 702458.77], [620444.47, 702425.24], [620530.31, 702373.01]], [[620381.99, 702645.08], [620347.35, 702572.97], [620436.3, 702527.28], [620470.94, 702599.39], [620381.99, 702645.08]], [[620483.28, 702625.07], [620519.01, 702699.44], [620496.98, 702711.15], [620461.9, 702638.13], [620483.28, 702625.07]], [[620549.37, 702762.24], [620640.47, 702940.4], [620484.34, 703023.96], [620394.9, 702844.92], [620549.37, 702762.24]], [[619595.52, 702951.53], [619695.16, 702901.27], [619708.83, 702929.19], [619609.55, 702979.23], [619595.52, 702951.53]], [[619705.75, 703716.45], [619606.51, 703530.89], [619694.95, 703486.13], [619741.92, 703580.04], [619695.07, 703603.74], [619742.33, 703697.16], [619705.75, 703716.45]], [[619901.8, 703889.87], [619813.8, 703936.3], [619772.7, 703850.65], [619860.71, 703804.22], [619901.8, 703889.87]], [[619663.77, 703991.65], [619641.65, 704003.3], [619605.88, 703937.38], [619718.56, 703878.08], [619793.46, 704036.99], [619711, 704078.7], [619663.77, 703991.65]], [[619789.71, 704235.49], [619788.88, 704235.92], [619731.69, 704124.76], [619814.89, 704082.19], [619859.57, 704171.66], [619902.33, 704262.1], [619823.19, 704302.61], [619789.71, 704235.49]], [[620559.72, 704241.53], [620664.73, 704448.19], [620509.79, 704540.76], [620509.79, 704540.76], [620202.94, 704724.08], [619882.97, 704062.22], [620142.94, 703932.95], [620193.11, 704031.98], [620225.85, 704099.71], [620223.08, 704101.09], [620341.91, 704346.88], [620541.49, 704247.65], [620542.86, 704250.34], [620559.72, 704241.53]], [[619581.02, 704734.26], [619670.18, 704688.97], [619710.7, 704767.77], [619621.39, 704812.76], [619581.02, 704734.26]], [[619926.83, 704840.15], [619837.98, 704886.04], [619785.24, 704783.53], [619855.34, 704747.32], [619878.22, 704791.78], [619896.96, 704782.1], [619926.83, 704840.15]], [[619923.34, 704892.22], [619858.39, 704925.71], [619847.13, 704903.82], [619912.6, 704870], [619923.34, 704892.22]], [[619515.07, 704950.62], [619745, 704834.47], [619756.43, 704856.7], [619526.74, 704972.77], [619515.07, 704950.62]], [[619736.97, 704958.6], [619759.28, 704947.31], [619803.36, 705037.07], [619781.06, 705048.36], [619736.97, 704958.6]], [[619918.34, 705051.63], [619901.82, 705012.82], [619890.92, 704990.31], [619980.66, 704946.36], [620020.12, 705026.93], [620014.05, 705030.53], [620033.99, 705064.13], [619950.48, 705113.84], [619918.34, 705051.63]], [[620262.74, 705252.52], [620320.24, 705347.03], [620133.98, 705460.42], [620016.54, 705239.24], [620041.98, 705223.76], [620093.96, 705309.19], [620136.67, 705283.21], [620162.65, 705325.92], [620195.6, 705305.81], [620188.1, 705298.05], [620262.74, 705252.52]], [[619950.43, 705389.7], [620009.58, 705353.63], [620035.67, 705402.92], [620082.55, 705491.46], [620052.33, 705509.88], [620000.45, 705424.39], [619973.41, 705440.88], [619979.11, 705437.41], [620030.98, 705522.9], [620009.63, 705535.91], [619957.76, 705450.42], [619946.49, 705457.29], [619825.5, 705355.38], [619901.32, 705309.16], [619950.43, 705389.7]], [[619799.5, 705546.91], [619678.88, 705444.77], [619793.99, 705374.6], [619914.97, 705476.51], [619799.5, 705546.91]], [[620054.82, 705555.4], [620101.33, 705527.1], [620113.84, 705549.94], [620067.41, 705574.4], [620054.82, 705555.4]], [[620219.71, 705455.08], [620276.7, 705543.75], [620290.44, 705535.34], [620302.84, 705558.19], [620277.1, 705573.59], [620307.6, 705630.17], [620248.26, 705667.3], [620154.87, 705494.53], [620219.71, 705455.08]], [[620103.06, 705628.19], [620144.85, 705606.58], [620157.21, 705629.17], [620086.44, 705667.64], [620083.25, 705662.08], [620112.41, 705644.11], [620103.06, 705628.19]], [[620358.95, 705923.23], [620127.51, 705801.84], [620585.81, 705515.07], [620840.17, 705919.47], [620560.31, 706098.36], [620537.6, 706068.68], [620513, 706040.53], [620490.23, 706017.46], [620466.19, 705995.71], [620440.96, 705975.35], [620414.62, 705956.44], [620387.26, 705939.05], [620358.95, 705923.23]], [[620634.13, 699986.94], [620565.53, 699861.8], [620674.84, 699794.38], [620744.77, 700034.31], [620837.15, 700233.5], [620775.46, 700247.22], [620767.11, 700246.27], [620759.55, 700242.6], [620756.33, 700239.87], [620751.5, 700233], [620634.13, 699986.94]], [[621224.59, 701127.4], [621116.72, 701178.56], [620890.13, 700591.71], [620793.5, 700334.13], [620791.9, 700325.79], [620793.18, 700317.39], [620797.2, 700309.91], [620803.49, 700304.21], [620811.33, 700300.94], [620862.97, 700289.16], [621038, 700666.55], [621036.8, 700745.25], [621190.29, 701070.42], [621224.59, 701127.4]], [[620977.11, 701185.19], [620891.13, 701004.62], [620864.1, 700962.11], [620725.23, 701028.27], [620714.49, 701005.7], [620850.58, 700940.86], [620828.96, 700906.85], [620697.3, 700969.58], [620690.85, 700956.03], [620820.85, 700894.1], [620794.07, 700851.47], [620809.95, 700843.91], [620751.02, 700733.52], [620727.13, 700744.9], [620619.76, 700573.99], [620563.08, 700454.87], [620810.32, 700556.77], [620857.46, 700687.56], [621056.21, 701214.68], [621062.45, 701236.2], [621066.94, 701258.15], [621072.07, 701306.1], [621034.71, 701213.13], [621013.22, 701167.99], [620977.11, 701185.19]], [[620619.64, 700991.86], [620529.49, 701035.13], [620486.56, 700944.81], [620576.72, 700901.54], [620619.64, 700991.86]], [[620786.86, 701887.71], [620773.34, 701894.2], [620730.26, 701803.96], [620775.35, 701782.31], [620861.48, 701962.82], [620829.92, 701977.97], [620786.86, 701887.71]], [[621277.5, 702372.63], [621317.63, 702457.16], [621189.17, 702536.23], [621144.98, 702443.67], [621277.5, 702372.63]], [[620612.04, 702546.21], [620556.46, 702580.4], [620597.82, 702657.53], [620563.24, 702676.04], [620481.4, 702504.19], [620570.19, 702458.19], [620612.04, 702546.21]], [[621043.24, 702695.74], [621131.85, 702648.24], [621056.74, 702490.98], [621078.8, 702479.15], [621164.79, 702659.25], [621053.96, 702718.32], [621043.24, 702695.74]], [[620616.18, 702725.19], [620653.82, 702804.2], [620708.91, 702774.83], [620697.86, 702780.72], [620660.42, 702701.78], [620726.77, 702666.66], [620769.33, 702756.78], [620714.1, 702786.22], [620724.94, 702780.45], [620736.04, 702802.81], [620647.8, 702849.86], [620594.06, 702736.9], [620616.18, 702725.19]], [[621113.43, 702842.23], [621075.92, 702763.27], [621208.82, 702693.47], [621241.24, 702761.84], [621113.43, 702842.23]], [[620769.54, 702870.27], [620681.17, 702917.04], [620670.04, 702894.65], [620758.29, 702847.61], [620769.54, 702870.27]], [[620810.41, 702962.26], [620834.99, 703014.06], [620752.18, 703061.31], [620725.56, 703007.79], [620810.41, 702962.26]], [[620659.2, 702986.66], [620692.62, 703053.84], [620600.73, 703102.91], [620568.45, 703035.11], [620659.2, 702986.66]], [[620799.09, 703155.61], [620776.82, 703110.85], [620866.27, 703066.2], [620888.53, 703110.97], [620799.09, 703155.61]], [[620708.68, 703086.13], [620720.93, 703110.75], [620631.27, 703155.22], [620621.61, 703135.83], [620708.68, 703086.13]], [[620866.6, 703291.32], [620855.47, 703268.94], [620945.21, 703224.82], [620956.39, 703247.3], [620866.6, 703291.32]], [[621303.77, 703245.58], [621483.94, 703158.76], [621538.94, 703274.42], [621368.62, 703381.95], [621303.77, 703245.58]], [[621183.53, 703305.06], [621249.14, 703272.52], [621260.25, 703294.91], [621194.66, 703327.44], [621183.53, 703305.06]], [[620832.97, 703335.98], [620743.13, 703379.9], [620687.46, 703267.98], [620777.3, 703224.06], [620832.97, 703335.98]], [[620877.74, 703313.71], [620967.48, 703269.58], [621000.88, 703336.73], [620911.14, 703380.86], [620877.74, 703313.71]], [[620462.85, 703377.78], [620620.08, 703300.92], [620664.62, 703390.45], [620597.24, 703423.39], [620574.97, 703378.62], [620485.12, 703422.54], [620462.85, 703377.78]], [[620776.54, 703447.05], [620754.27, 703402.28], [620844.11, 703358.36], [620866.38, 703403.13], [620776.54, 703447.05]], [[620888.54, 703447.69], [620910.81, 703492.46], [620821.08, 703536.58], [620798.81, 703491.81], [620888.54, 703447.69]], [[621112.23, 703560.57], [621022.49, 703604.69], [620944.55, 703448.01], [621003.26, 703419.14], [621014.39, 703441.53], [621045.42, 703426.27], [621112.23, 703560.57]], [[620887.89, 703670.88], [620832.21, 703558.96], [620921.95, 703514.84], [620977.62, 703626.76], [620887.89, 703670.88]], [[621100.44, 703761.38], [621044.76, 703649.46], [621134.5, 703605.33], [621190.18, 703717.25], [621100.44, 703761.38]], [[620943.56, 703782.8], [621033.3, 703738.67], [621044.43, 703761.06], [620954.7, 703805.18], [620943.56, 703782.8]], [[620528.29, 703826.36], [620494.39, 703758.21], [620560.65, 703725.26], [620594.6, 703793.26], [620528.29, 703826.36]], [[621212.45, 703762.02], [621223.58, 703784.4], [621133.84, 703828.53], [621122.71, 703806.14], [621212.45, 703762.02]], [[620965.83, 703827.56], [621055.57, 703783.44], [621088.97, 703850.59], [620999.24, 703894.71], [620965.83, 703827.56]], [[621178.17, 703918.16], [621155.99, 703873.06], [621245.76, 703828.98], [621268.06, 703873.79], [621178.17, 703918.16]], [[621120.73, 703914.65], [621048.94, 703949.95], [621039.45, 703930.66], [621111.24, 703895.36], [621120.73, 703914.65]], [[621330.9, 703954.09], [621360.47, 704011.62], [621342.48, 704022.68], [621352.83, 704044.25], [621316.61, 704061.47], [621326.15, 704081.57], [621271.92, 704107.35], [621244.34, 704050.9], [621324.12, 704002.83], [621306.55, 703968.43], [621226.49, 704015.59], [621200.24, 703963.03], [621290.34, 703918.55], [621313.22, 703964.51], [621330.9, 703954.09]], [[621146.54, 703967.15], [621193.41, 704063.34], [621064.55, 704138.1], [621053.67, 704115.6], [621113.36, 704080.97], [621074.75, 704002.45], [621146.54, 703967.15]], [[621112.37, 704132.35], [621142.55, 704116.79], [621144.48, 704120.93], [621204.09, 704085.95], [621246.01, 704174.65], [621161.02, 704214.82], [621134.32, 704158.31], [621125.78, 704162.92], [621121.24, 704154.36], [621123.21, 704153.25], [621112.37, 704132.35]], [[621313.9, 704197.08], [621404.24, 704154.21], [621425.54, 704199.45], [621335.2, 704242.32], [621313.9, 704197.08]], [[621399.1, 704378.03], [621345.85, 704264.94], [621436.19, 704222.07], [621489.44, 704335.16], [621399.1, 704378.03]], [[621268.72, 704218.51], [621353.92, 704399.46], [621263.58, 704442.32], [621178.38, 704261.38], [621268.72, 704218.51]], [[621517.12, 704399.51], [621530.23, 704426.49], [621439.89, 704469.36], [621426.77, 704442.37], [621517.12, 704399.51]], [[621514.2, 704622.26], [621459.56, 704509.83], [621549.9, 704466.96], [621604.54, 704579.39], [621514.2, 704622.26]], [[621378.67, 704686.55], [621291.25, 704506.67], [621381.6, 704463.81], [621469.02, 704643.69], [621378.67, 704686.55]], [[621636.71, 704647.47], [621546.33, 704690.26], [621535.5, 704667.45], [621625.85, 704624.58], [621636.71, 704647.47]], [[621621.27, 704848.13], [621567.66, 704735.2], [621658.01, 704692.34], [621711.61, 704805.26], [621621.27, 704848.13]], [[621399.98, 704731.75], [621490.33, 704688.88], [621565.36, 704846.94], [621475.01, 704889.81], [621399.98, 704731.75]], [[621729.06, 705073.64], [621642.66, 704893.27], [621733.01, 704850.4], [621776.21, 704940.59], [621798.79, 704929.87], [621808.33, 704949.79], [621785.75, 704960.5], [621819.41, 705030.78], [621729.06, 705073.64]], [[621593.54, 705137.94], [621539.54, 705025.2], [621629.89, 704982.34], [621683.9, 705095.09], [621593.54, 705137.94]], [[620810.31, 705098.46], [620895.64, 705046.32], [620896.51, 705047.72], [620810.89, 705099.4], [620810.31, 705098.46]], [[621035.95, 705175.96], [620992.34, 705106.42], [621204.95, 704979.54], [621240.29, 705049.05], [621035.95, 705175.96]], [[621460.91, 705090.19], [621527.76, 705058.47], [621570.95, 705148.66], [621503.98, 705180.42], [621460.91, 705090.19]], [[621614.16, 705183.46], [621704.5, 705140.59], [621787.39, 705315.44], [621702.35, 705369.49], [621614.16, 705183.46]], [[621265.6, 705825.56], [621252.27, 705804.41], [621336.53, 705750.55], [621349.86, 705771.7], [621265.6, 705825.56]], [[621809.77, 706168.06], [621701.07, 706231.04], [621676.8, 706192.82], [621787.76, 706125.91], [621809.77, 706168.06]], [[621445.26, 706161.84], [621486.23, 706227.13], [621456.22, 706245.72], [621519.76, 706346.97], [621276.11, 706501.48], [621173.03, 706335.78], [621445.26, 706161.84]], [[622928.71, 702611.4], [622878.75, 702651.03], [622815.01, 702555.71], [622864.82, 702506.43], [622928.71, 702611.4]], [[622197.78, 702889], [622070.87, 702960.93], [622020.88, 702874.32], [622075.27, 702843.49], [622025.28, 702756.88], [622097.78, 702715.79], [622197.78, 702889]], [[622299.33, 704525.21], [621983.89, 704676.87], [621898.26, 704496.13], [622213.69, 704344.47], [622299.33, 704525.21]], [[621829.57, 705108.94], [621850.73, 705098.88], [621882.86, 705166.65], [621792.51, 705209.52], [621749.68, 705119.16], [621818.85, 705086.33], [621829.57, 705108.94]], [[621904.28, 705211.83], [621813.93, 705254.7], [621803.22, 705232.11], [621893.57, 705189.24], [621904.28, 705211.83]], [[621914.99, 705234.42], [621925.7, 705257.01], [621835.35, 705299.88], [621824.64, 705277.29], [621914.99, 705234.42]], [[621951.72, 705300.01], [621964.3, 705321.61], [621873.63, 705364.63], [621861.05, 705343.03], [621951.72, 705300.01]], [[621936.56, 705472.63], [621898.8, 705407.83], [621985.21, 705357.49], [622022.96, 705422.3], [621936.56, 705472.63]], [[621880.52, 705552.96], [621823.13, 705462.43], [621859.88, 705441], [621913.03, 705532.23], [621880.52, 705552.96]], [[621933.73, 705566.47], [621971.39, 705630.85], [621899.82, 705676.49], [621859.88, 705613.57], [621933.73, 705566.47]], [[621974.63, 705537.35], [622237.34, 705384], [622436.35, 705802.03], [622207.39, 705935.68], [621974.63, 705537.35]], [[621986.61, 705769.95], [621967.78, 705740.27], [621972.01, 705737.59], [621968.26, 705731.68], [621944.42, 705746.75], [621913.47, 705698], [621984.28, 705652.89], [622034.78, 705739.24], [621986.61, 705769.95]], [[622694.79, 705938.46], [622639.85, 705822.79], [622865.16, 705714.46], [622918.71, 705827.29], [622694.79, 705938.46]], [[622103.2, 705856.06], [622031.51, 705898.82], [621999.18, 705848.17], [622072.99, 705804.15], [622103.2, 705856.06]], [[623094.22, 705956.45], [623181.27, 705913.45], [623121.18, 706004.57], [623094.22, 705956.45]], [[622318.95, 705928.55], [622334.05, 705954.48], [622247.64, 706004.81], [622232.54, 705978.89], [622318.95, 705928.55]], [[622164.99, 705962.23], [622068.69, 706018.03], [622046.77, 705979.88], [622143.64, 705925.54], [622164.99, 705962.23]], [[622390.02, 706070.42], [622312.23, 706115.68], [622261.89, 706029.27], [622339.66, 705983.97], [622390.02, 706070.42]], [[622155.24, 706141.25], [622104.93, 706054.82], [622190.14, 706005.44], [622286.04, 706170.22], [622209.8, 706214.35], [622164.22, 706136.04], [622155.24, 706141.25]], [[622930.96, 706156.64], [622827.9, 706311.73], [622814.26, 706288.4], [622869.95, 706203.93], [622859.51, 706197.05], [622887.12, 706155.18], [622897.45, 706162.21], [622910.41, 706142.56], [622930.96, 706156.64]], [[622458.69, 706278.48], [622480.19, 706315.24], [622441.39, 706337.9], [622419.91, 706301.14], [622458.69, 706278.48]], [[622892.97, 706423.04], [622974.95, 706298.13], [623067.14, 706462.38], [622956.16, 706531.13], [622892.97, 706423.04]], [[622356.46, 706509.5], [622360.8, 706501.93], [622353.92, 706490.13], [622362.68, 706484.75], [622454.55, 706536.22], [622441.87, 706557.77], [622356.46, 706509.5]], [[622542.58, 706518.5], [622601.07, 706559.49], [622615.66, 706538.98], [622636.45, 706553.73], [622584.34, 706631.65], [622529.33, 706538.59], [622542.58, 706518.5]], [[623183.77, 706673.55], [623162.81, 706686.53], [623112.34, 706600.2], [623133.34, 706587.2], [623183.77, 706673.55]], [[622477.97, 706702.41], [622442.72, 706682.14], [622501.12, 706582.91], [622522.44, 706618.82], [622477.97, 706702.41]], [[623027.33, 706652.86], [623048.59, 706639.7], [623099.06, 706726.03], [623077.8, 706739.19], [623027.33, 706652.86]], [[623003.18, 706700.76], [622930.08, 706746.04], [622915.96, 706721.86], [622989.07, 706676.57], [623003.18, 706700.76]], [[622733.47, 706786.67], [622689.82, 706813.71], [622663.12, 706767.79], [622694.78, 706720.14], [622733.47, 706786.67]], [[622541.1, 706807.07], [622515.01, 706831.14], [622505.37, 706815.94], [622530.73, 706784.19], [622597.69, 706745.51], [622623.22, 706788.5], [622553.9, 706828.54], [622541.1, 706807.07]], [[622635.98, 706809.99], [622648.75, 706831.49], [622579.51, 706871.49], [622566.7, 706850.01], [622635.98, 706809.99]], [[622839.26, 706916.38], [622774.91, 706956.24], [622762.16, 706934.74], [622826.56, 706894.85], [622839.26, 706916.38]], [[623110.7, 706884.79], [623211.99, 707057.25], [623169.47, 707083.56], [623068.19, 706911.11], [623110.7, 706884.79]], [[622800.13, 706998.75], [622864.44, 706959.09], [622877.36, 706980.99], [622813.18, 707020.75], [622800.13, 706998.75]], [[622675.46, 707034.62], [622662.32, 707012.51], [622731.27, 706971.94], [622743.7, 706992.86], [622675.46, 707034.62]], [[622919.39, 707003.22], [622940.65, 706990.06], [622991.29, 707076.29], [623041.93, 707162.52], [623020.68, 707175.68], [622970.03, 707089.45], [622884.88, 707142.16], [622834.22, 707055.94], [622895.26, 707018.16], [622932.87, 707082.19], [622956.99, 707067.24], [622919.39, 707003.22]], [[622776.69, 707048.4], [622796.73, 707082.14], [622720.6, 707128.61], [622700.49, 707094.27], [622776.69, 707048.4]], [[622351.46, 707388.61], [622300.8, 707302.4], [622330.7, 707284.21], [622381.37, 707370.42], [622351.46, 707388.61]], [[622670.13, 707240.73], [622770.66, 707413.65], [622642.7, 707491.92], [622542.17, 707319], [622670.13, 707240.73]], [[623053.34, 707426.01], [623040.28, 707404.59], [623109.1, 707361.99], [623122.75, 707384.38], [623053.34, 707426.01]], [[623003.69, 707430.4], [622926.38, 707478.56], [622900.19, 707436.85], [622978.09, 707389.01], [623003.69, 707430.4]], [[622853.17, 707408.97], [622891.87, 707470.61], [622870.66, 707483.83], [622831.82, 707421.97], [622853.17, 707408.97]], [[622616.02, 707642.74], [622577.5, 707577.25], [622789.11, 707447.98], [622828.22, 707510.27], [622830.99, 707508.54], [622871.34, 707571.77], [622639.95, 707716.24], [622600.17, 707652.66], [622616.02, 707642.74]], [[622879.04, 707698.92], [622837.04, 707634.37], [622913.43, 707586.78], [622938.89, 707570.92], [622980.48, 707634.84], [622981.01, 707634.51], [623034.35, 707723.97], [622970.46, 707763.02], [622917.94, 707674.35], [622879.04, 707698.92]], [[623042.58, 707688.77], [623002.15, 707621.16], [623005.8, 707618.86], [623003.08, 707614.66], [623080.28, 707566.56], [623123.22, 707639.47], [623042.58, 707688.77]], [[623178, 707918.74], [623048.94, 707995.17], [622997.6, 707909.35], [622993.45, 707911.81], [622941.53, 707826.33], [623075.34, 707747.1], [623096.85, 707734.36], [623134.71, 707797.67], [623113.12, 707810.27], [623178, 707918.74]], [[622065.5, 708381.2], [622150.75, 708328.92], [622255.3, 708499.42], [622170.05, 708551.69], [622065.5, 708381.2]], [[621889.61, 708782.87], [621991.7, 708720.06], [622006.17, 708743.3], [621892.1, 708814.3], [621889.61, 708782.87]], [[621894.25, 708959.67], [621893.85, 708930.55], [622059.44, 708828.67], [622072.66, 708849.89], [621894.25, 708959.67]], [[623704.13, 705364.4], [623790.71, 705314.27], [623796.69, 705324.73], [623709.74, 705374.13], [623704.13, 705364.4]], [[623601.21, 705838.62], [623552.31, 705751.39], [623573.76, 705738.55], [623622.65, 705825.78], [623601.21, 705838.62]], [[623196.88, 706499.61], [623147.9, 706412.35], [623169.16, 706399.19], [623218.13, 706486.44], [623196.88, 706499.61]], [[623467.63, 706615.27], [623366.4, 706442.78], [623493.98, 706363.89], [623595.22, 706536.39], [623467.63, 706615.27]], [[623225.72, 706647.56], [623247.83, 706633.87], [623298.3, 706720.2], [623281.29, 706730.73], [623264.13, 706701.38], [623259.03, 706704.54], [623225.72, 706647.56]], [[623292.72, 707007.79], [623250.37, 707034.37], [623149.43, 706861.71], [623170.6, 706848.42], [623221.07, 706934.75], [623242.25, 706921.46], [623292.72, 707007.79]], [[623271.07, 707069.78], [623334.62, 707029.95], [623367.93, 707086.92], [623304.38, 707126.76], [623271.07, 707069.78]], [[623833.14, 707245.85], [623729.76, 707069.56], [623899.85, 706964.38], [623954.25, 707057.08], [623932.8, 707069.92], [623983.29, 707155.95], [623833.14, 707245.85]], [[623282.87, 707179.16], [623197.77, 707231.85], [623172.56, 707188.66], [623215.07, 707162.34], [623189.86, 707119.16], [623232.38, 707092.84], [623282.87, 707179.16]], [[623438.73, 707194.91], [623415.84, 707208.6], [623375.23, 707139.14], [623398.12, 707125.46], [623438.73, 707194.91]], [[623599.67, 707148.4], [623647.41, 707119.65], [623697.97, 707205.93], [623650.2, 707234.69], [623599.67, 707148.4]], [[623685.9, 707334.42], [623642.97, 707360.05], [623590.83, 707270.44], [623633.66, 707244.65], [623685.9, 707334.42]], [[623314.74, 707353.58], [623366.13, 707322.64], [623376.19, 707339.82], [623324.33, 707370.07], [623314.74, 707353.58]], [[623442.25, 707363.57], [623467.09, 707348.61], [623517.61, 707434.88], [623492.71, 707449.74], [623442.25, 707363.57]], [[623554.8, 707458.31], [623605.92, 707544.26], [623562.92, 707569.78], [623511.81, 707483.83], [623554.8, 707458.31]], [[623230.97, 707684.87], [623210.45, 707697.07], [623195.84, 707672.02], [623216.38, 707659.81], [623230.97, 707684.87]], [[623705.87, 707763.95], [623684.38, 707776.73], [623633.68, 707690.54], [623655.14, 707677.72], [623705.87, 707763.95]], [[623330.87, 707707.81], [623343.5, 707729.03], [623258.41, 707779.31], [623246.09, 707758.18], [623330.87, 707707.81]], [[623296.63, 707844.46], [623276.8, 707810.66], [623357.47, 707762.68], [623377.32, 707796.35], [623296.63, 707844.46]], [[623446.32, 707953.84], [623382.65, 707991.88], [623346.71, 707930.79], [623420.73, 707886.78], [623390.51, 707835.17], [623595, 707713.54], [623697.06, 707887.02], [623482.36, 708015.08], [623446.32, 707953.84]], [[623221.63, 707939.39], [623279.87, 707904.91], [623290.94, 707924.02], [623232.96, 707958.36], [623221.63, 707939.39]], [[623820.19, 707860.12], [623882.92, 707968.27], [623840.06, 707994.02], [623877.7, 708058.93], [623856.27, 708071.8], [623755.91, 707898.76], [623820.19, 707860.12]], [[623217.87, 708038.81], [623201.68, 708011.51], [623305.15, 707948.55], [623321.93, 707977.51], [623217.87, 708038.81]], [[623796.27, 708107.86], [623746.09, 708021.35], [623767.52, 708008.46], [623817.69, 708094.98], [623796.27, 708107.86]], [[623380.14, 708077.98], [623301.83, 708124.42], [623263.68, 708059.53], [623342.4, 708012.85], [623380.14, 708077.98]], [[623948.86, 708179.48], [623999.03, 708265.99], [623977.6, 708278.88], [623877.25, 708105.84], [623920.11, 708080.08], [623970.28, 708166.6], [623948.86, 708179.48]], [[623321.37, 708158.66], [623400.19, 708112.59], [623450.85, 708200.05], [623372.72, 708247.1], [623321.37, 708158.66]], [[623917.02, 708315.29], [623895.6, 708328.18], [623845.42, 708241.66], [623866.85, 708228.78], [623917.02, 708315.29]], [[623636.38, 708279.84], [623571.95, 708318.24], [623559.55, 708296.84], [623623.83, 708258.2], [623636.38, 708279.84]], [[624048.44, 708399.63], [624023.24, 708356.45], [624108.94, 708304.92], [624134.14, 708348.11], [624048.44, 708399.63]], [[623609.72, 708383.36], [623674, 708344.71], [623690.13, 708372.53], [623625.63, 708410.8], [623609.72, 708383.36]], [[623959.47, 708336.45], [624009.87, 708422.82], [623988.44, 708435.71], [623938.04, 708349.33], [623959.47, 708336.45]], [[623414.12, 708385.58], [623521.2, 708321.1], [623558.82, 708386], [623473.15, 708437.58], [623485.69, 708459.21], [623464.27, 708472.11], [623414.12, 708385.58]], [[623706.19, 708400.21], [623724.18, 708431.23], [623659.9, 708469.88], [623641.69, 708438.48], [623706.19, 708400.21]], [[623486.19, 708460.08], [623571.85, 708408.49], [623583.89, 708429.26], [623498.22, 708480.84], [623486.19, 708460.08]], [[623378.6, 708523.7], [623357.19, 708536.59], [623307.03, 708450.06], [623328.45, 708437.17], [623378.6, 708523.7]], [[623702.36, 708491.02], [623752.75, 708577.39], [623730.81, 708590.58], [623680.14, 708504.38], [623702.36, 708491.02]], [[623846, 708638], [623795.6, 708551.63], [623817.03, 708538.75], [623867.43, 708625.12], [623846, 708638]], [[623658.1, 708752.28], [623583.08, 708622.37], [623667.89, 708571.3], [623742.91, 708701.21], [623658.1, 708752.28]], [[623849.69, 708794.94], [623915.94, 708755.11], [623927.77, 708775.52], [623925.8, 708776.7], [623943.42, 708807.11], [623878.24, 708844.2], [623849.69, 708794.94]], [[623667.29, 708816.78], [623688.71, 708803.88], [623713.71, 708847.18], [623692.29, 708860.08], [623667.29, 708816.78]], [[624178.33, 708907.03], [624178.33, 708907.03], [624176.89, 708904.59], [624134.12, 708930.48], [624083.16, 708844.43], [624180.38, 708786.39], [624230.65, 708872.71], [624263.02, 708853.51], [624264.21, 708855.53], [624264.2, 708855.53], [624293.09, 708904.97], [624209.17, 708959.12], [624178.33, 708907.03]], [[623981.5, 709021.59], [624112.65, 708943.29], [624127.11, 708967.75], [624087.75, 708989.85], [624099.61, 709010.08], [624006.6, 709064.18], [623981.5, 709021.59]], [[623953.25, 708973.67], [623976.98, 708959.5], [623989.53, 708980.7], [623965.76, 708994.89], [623953.25, 708973.67]], [[623876.55, 708931.2], [623920, 709005.73], [623842.89, 709052.15], [623813.35, 709003.08], [623808.89, 709005.74], [623793.96, 708980.94], [623876.55, 708931.2]], [[624139.64, 709093.19], [624055.67, 709147.4], [624042.97, 709125.87], [624126.9, 709071.68], [624101.42, 709028.66], [624167.14, 708986.22], [624218.1, 709072.28], [624152.38, 709114.7], [624139.64, 709093.19]], [[623209.39, 709092.52], [623303.21, 709036.02], [623315.73, 709057.71], [623224.08, 709112.81], [623209.39, 709092.52]], [[623974.43, 709227.21], [623934.5, 709164.81], [623932.97, 709165.78], [623925.06, 709150.04], [623984.03, 709114.54], [624030.72, 709191.48], [623974.43, 709227.21]], [[623805.59, 709221.97], [623761.08, 709148.09], [623785.07, 709133.65], [623829.58, 709207.53], [623805.59, 709221.97]], [[624205.86, 709496.27], [624119.08, 709545.96], [624019.51, 709372.5], [624041.17, 709360.1], [624016.37, 709316.79], [624081.45, 709279.53], [624205.86, 709496.27]], [[624084.42, 710152.82], [624077.68, 710156.94], [624039.13, 710090.87], [624124.34, 710038.54], [624175.88, 710126.84], [624097.31, 710174.9], [624084.42, 710152.82]], [[624313.77, 710220.74], [624272.9, 710245.79], [624230.27, 710271.93], [624281.27, 710360.67], [624264.33, 710371.07], [624211.17, 710283.64], [624166.97, 710310.73], [624193.04, 710354.84], [624156.91, 710376.95], [624057.01, 710258.17], [624221.92, 710157.08], [624413.75, 710039.49], [624439.23, 710083.84], [624515.52, 710037.07], [624540.76, 710081.59], [624315.53, 710219.66], [624366.53, 710308.41], [624364.73, 710309.51], [624313.77, 710220.74]], [[624663.72, 707026.71], [624594.89, 707068.05], [624556.21, 707003.71], [624637.06, 706955.1], [624663.72, 707026.71]], [[624463.99, 707146.67], [624206.81, 707301.13], [624105.76, 707128.97], [624361.63, 706975.5], [624463.99, 707146.67]], [[624534.54, 707267.29], [624513.1, 707280.13], [624462.65, 707193.77], [624484.09, 707180.92], [624534.54, 707267.29]], [[624894.82, 707883.5], [624912.29, 707860.1], [624930.5, 707841.56], [624949.66, 707824.88], [624963.86, 707849.04], [624921, 707874.79], [624928.26, 707887.14], [624912.89, 707910.31], [624899.57, 707887.67], [624888.43, 707894.37], [624894.82, 707883.5]], [[625474.68, 708471.71], [625389.12, 708523.49], [625376.17, 708502.1], [625455.98, 708453.81], [625474.68, 708471.71]], [[624532.52, 708528.61], [624402.68, 708606.67], [624352.51, 708520.16], [624396.65, 708493.63], [624421.73, 708536.88], [624507.44, 708485.36], [624532.52, 708528.61]], [[624194.78, 708498.32], [624244.95, 708584.83], [624180.67, 708623.47], [624130.5, 708536.97], [624194.78, 708498.32]], [[625565.52, 708621.83], [625479.96, 708673.6], [625428.19, 708588.05], [625513.75, 708536.27], [625565.52, 708621.83]], [[624552.42, 708563.32], [624590.56, 708627.9], [624504.86, 708679.42], [624594.71, 708831.52], [624574.42, 708844.52], [624523.69, 708758.31], [624439.36, 708812.38], [624410.33, 708765.42], [624474.72, 708726.71], [624423.86, 708640.61], [624552.42, 708563.32]], [[625808.32, 708754.69], [625828.59, 708771.65], [625767.44, 708808.59], [625754.51, 708787.19], [625808.32, 708754.69]], [[625604.36, 708685.99], [625742.07, 708913.56], [625656.52, 708965.34], [625518.8, 708737.77], [625604.36, 708685.99]], [[624374.21, 708854.15], [624388.21, 708877.95], [624367.17, 708891.45], [624403.86, 708953.81], [624382.81, 708967.29], [624332.04, 708881.18], [624374.21, 708854.15]], [[625224.67, 708990.6], [625053.33, 709093.75], [625002.06, 709007.9], [625008.91, 709003.77], [624957.64, 708917.92], [625122.13, 708818.89], [625224.67, 708990.6]], [[625668.56, 708985.23], [625754.11, 708933.46], [625767.06, 708954.84], [625681.5, 709006.62], [625668.56, 708985.23]], [[626128.75, 709022.62], [626022.99, 709086.49], [625998.41, 709045.79], [626035.3, 709023.51], [626047.1, 709043.03], [626108.72, 709005.82], [626128.75, 709022.62]], [[624224.21, 709122.11], [624255.88, 709101.64], [624338.36, 709232.81], [624306.13, 709253.67], [624224.21, 709122.11]], [[625789.46, 708999.72], [625890.41, 709166.56], [625530.89, 709383.69], [625496.37, 709326.65], [625523.86, 709310.05], [625528.6, 709317.9], [625565.32, 709295.72], [625544.61, 709261.5], [625758.62, 709132.25], [625721.08, 709070.22], [625750.79, 709052.29], [625737.84, 709030.9], [625789.46, 708999.72]], [[625065.98, 709261.22], [625014.71, 709175.37], [625057.54, 709149.58], [625108.81, 709235.43], [625065.98, 709261.22]], [[624199.31, 709240.26], [624226.99, 709286.1], [624239.12, 709278.8], [624262.19, 709316.57], [624249.61, 709324.01], [624272.87, 709361.33], [624204.3, 709403.97], [624134.02, 709283.06], [624089.81, 709209.3], [624132.46, 709181.34], [624176.67, 709255.1], [624199.31, 709240.26]], [[625031.58, 709398.66], [625012.02, 709410.43], [624958.85, 709325.72], [624980.31, 709312.8], [625031.58, 709398.66]], [[624691.02, 709372.88], [624739.58, 709455.14], [624700.04, 709478.76], [624651.73, 709396.85], [624691.02, 709372.88]], [[624878.75, 709490.16], [624828.9, 709403.83], [624868.9, 709379.15], [624869.37, 709379.95], [624882.81, 709371.91], [624928.67, 709461], [624878.75, 709490.16]], [[625407.85, 709344.74], [625458.24, 709428.21], [625179.9, 709595.99], [625129.51, 709512.52], [625407.85, 709344.74]], [[624297.39, 709563.81], [624246.59, 709477.75], [624331.56, 709424.93], [624384.45, 709512.61], [624297.39, 709563.81]], [[625425.02, 709518.29], [625489.25, 709479.57], [625539.66, 709563.03], [625475.43, 709601.76], [625425.02, 709518.29]], [[624218.3, 709517.95], [624243.49, 709561.84], [624157.35, 709612.63], [624132.02, 709568.51], [624218.3, 709517.95]], [[625102.82, 709642.45], [625052.44, 709558.99], [625095.26, 709533.18], [625145.64, 709616.64], [625102.82, 709642.45]], [[625379.11, 709659.81], [625328.71, 709576.35], [625382.19, 709544.11], [625432.6, 709627.56], [625379.11, 709659.81]], [[624283.35, 709631.27], [624203.05, 709681.51], [624173.84, 709631.93], [624255.94, 709583.52], [624283.35, 709631.27]], [[625284.9, 709643.98], [625294.87, 709660.74], [625289.69, 709663.82], [625279.72, 709647.07], [625284.9, 709643.98]], [[625330.75, 709662.07], [625325.57, 709665.16], [625315.6, 709648.4], [625320.78, 709645.32], [625330.75, 709662.07]], [[624448.24, 709626.71], [624460.74, 709648.35], [624373.8, 709697.75], [624361.3, 709676.11], [624448.24, 709626.71]], [[625264.17, 709656.32], [625269.35, 709653.24], [625279.33, 709669.99], [625274.15, 709673.08], [625264.17, 709656.32]], [[625232.36, 709634.43], [625282.77, 709717.88], [625261.36, 709730.79], [625210.95, 709647.33], [625232.36, 709634.43]], [[624295.79, 709652.95], [624308.24, 709674.64], [624228.43, 709724.59], [624215.74, 709703.05], [624295.79, 709652.95]], [[624979.65, 709602.87], [625030.04, 709686.32], [624880.17, 709776.67], [624829.77, 709693.21], [624979.65, 709602.87]], [[625176.69, 709667.98], [625211.59, 709725.76], [625190.18, 709738.67], [625155.28, 709680.89], [625176.69, 709667.98]], [[624241.12, 709746.13], [624320.69, 709696.32], [624345.58, 709739.68], [624266.02, 709788.38], [624241.12, 709746.13]], [[624684.97, 709780.46], [624787.74, 709718.51], [624838.07, 709802.02], [624735.3, 709863.97], [624684.97, 709780.46]], [[625090.03, 709834.04], [624897.95, 709949.8], [624847.75, 709866.22], [625039.64, 709750.58], [625090.03, 709834.04]], [[624242.46, 709848.66], [624307.23, 709808.88], [624323.04, 709836.02], [624312.98, 709842.12], [624322.3, 709858.13], [624332.34, 709851.98], [624344.95, 709873.62], [624322.77, 709887.19], [624335.43, 709908.92], [624292.95, 709934.98], [624242.46, 709848.66]], [[624412.92, 709861.33], [624426.17, 709883.21], [624348.81, 709930.72], [624335.43, 709908.92], [624412.92, 709861.33]], [[624346.4, 710022.33], [624197.2, 710113.79], [624145.65, 710025.46], [624292.95, 709934.98], [624346.4, 710022.33]], [[624790.89, 710014.32], [624740.69, 709930.75], [624804.93, 709892.03], [624855.13, 709975.61], [624790.89, 710014.32]], [[624627.27, 710084.5], [624714.17, 710032.12], [624739.27, 710073.9], [624651.56, 710126.77], [624627.27, 710084.5]], [[624730.15, 710262.76], [624718.04, 710242.16], [624807.92, 710187.99], [624820.26, 710208.45], [624730.15, 710262.76]]], [[[622052.09, 702205.1], [622052.68, 702231.18], [622188.07, 702228.13], [622186.61, 702200.02], [622052.09, 702205.1]]], [[[619579.37, 700752.3], [619524.27, 700778.77], [619530.69, 700792.33], [619585.87, 700765.83], [619579.37, 700752.3]]], [[[625359.44, 709451], [625366.53, 709446.72], [625361.19, 709437.88], [625354.1, 709442.15], [625359.44, 709451]]]]}}]}
